timestamp;circuit1_current;circuit2_current;total_realPower;total_powerFactor;total_energy;phaseA_voltage;phaseA_current;phaseA_apparentPower;phaseA_currentCrestFactor;timw(sec)
2024/10/07 13:57;0.21;0.28;86;73;8.156;228.9;0.51;118;3.65;1
2024/10/07 13:57;0.21;0.28;86;73;8.156;228.9;0.51;118;3.65;2
2024/10/07 13:57;0.21;0.28;86;73;8.156;228.9;0.51;118;3.65;3
2024/10/07 13:57;0.21;0.28;86;73;8.156;228.9;0.51;118;3.65;4
2024/10/07 13:57;0.21;0.28;86;73;8.156;228.9;0.51;118;3.65;5
2024/10/07 13:57;0.20;0.36;94;74;8.156;228.6;0.56;127;3.50;6
2024/10/07 13:57;0.20;0.36;94;74;8.156;228.6;0.56;127;3.50;7
2024/10/07 13:57;0.20;0.36;94;74;8.156;228.6;0.56;127;3.50;8
2024/10/07 13:57;0.20;0.36;94;74;8.156;228.6;0.56;127;3.50;9
2024/10/07 13:57;0.20;0.36;94;74;8.156;228.6;0.56;127;3.50;10
2024/10/07 13:57;0.21;0.28;83;73;8.157;229.0;0.49;113;3.64;11
2024/10/07 13:57;0.21;0.28;83;73;8.157;229.0;0.49;113;3.64;12
2024/10/07 13:57;0.21;0.28;83;73;8.157;229.0;0.49;113;3.64;13
2024/10/07 13:57;0.21;0.28;83;73;8.157;229.0;0.49;113;3.64;14
2024/10/07 13:57;0.21;0.28;83;73;8.157;229.0;0.49;113;3.64;15
2024/10/07 13:57;0.20;0.32;91;75;8.157;228.8;0.53;122;3.81;16
2024/10/07 13:57;0.20;0.32;91;75;8.157;228.8;0.53;122;3.81;17
2024/10/07 13:57;0.20;0.32;91;75;8.157;228.8;0.53;122;3.81;18
2024/10/07 13:57;0.20;0.32;91;75;8.157;228.8;0.53;122;3.81;19
2024/10/07 13:57;0.20;0.32;91;75;8.157;228.8;0.53;122;3.81;20
2024/10/07 13:57;0.20;0.36;101;78;8.157;229.1;0.57;130;4.03;21
2024/10/07 13:57;0.20;0.36;101;78;8.157;229.1;0.57;130;4.03;22
2024/10/07 13:57;0.20;0.36;101;78;8.157;229.1;0.57;130;4.03;23
2024/10/07 13:57;0.20;0.36;101;78;8.157;229.1;0.57;130;4.03;24
2024/10/07 13:57;0.20;0.36;101;78;8.157;229.1;0.57;130;4.03;25
2024/10/07 13:57;0.20;0.36;101;78;8.157;229.1;0.57;130;4.03;26
2024/10/07 13:57;0.20;0.36;101;78;8.157;229.1;0.57;130;4.03;27
2024/10/07 13:57;0.20;0.36;101;78;8.157;229.1;0.57;130;4.03;28
2024/10/07 13:57;0.20;0.36;101;78;8.157;229.1;0.57;130;4.03;29
2024/10/07 13:57;0.20;0.36;101;78;8.157;229.1;0.57;130;4.03;30
2024/10/07 13:57;0.20;0.36;101;78;8.157;229.1;0.57;130;4.03;31
2024/10/07 13:57;0.20;0.36;101;78;8.157;229.1;0.57;130;4.03;32
2024/10/07 13:57;0.20;0.36;101;78;8.157;229.1;0.57;130;4.03;33
2024/10/07 13:57;0.20;0.36;101;78;8.157;229.1;0.57;130;4.03;34
2024/10/07 13:57;0.29;0.30;111;81;8.157;229.3;0.60;137;3.96;35
2024/10/07 13:57;0.29;0.30;111;81;8.157;229.3;0.60;137;3.96;36
2024/10/07 13:57;0.29;0.30;111;81;8.157;229.3;0.60;137;3.96;37
2024/10/07 13:57;0.29;0.30;111;81;8.157;229.3;0.60;137;3.96;38
2024/10/07 13:57;0.29;0.30;111;81;8.157;229.3;0.60;137;3.96;39
2024/10/07 13:57;0.29;0.30;111;81;8.157;229.3;0.60;137;3.96;40
2024/10/07 13:57;0.21;0.30;89;75;8.157;229.3;0.52;119;3.76;41
2024/10/07 13:57;0.21;0.30;89;75;8.157;229.3;0.52;119;3.76;42
2024/10/07 13:57;0.21;0.30;89;75;8.157;229.3;0.52;119;3.76;43
2024/10/07 13:57;0.21;0.30;89;75;8.157;229.3;0.52;119;3.76;44
2024/10/07 13:57;0.21;0.31;92;75;8.158;229.3;0.53;122;3.83;45
2024/10/07 13:57;0.21;0.31;92;75;8.158;229.3;0.53;122;3.83;46
2024/10/07 13:57;0.21;0.31;92;75;8.158;229.3;0.53;122;3.83;47
2024/10/07 13:58;0.21;0.31;92;75;8.158;229.3;0.53;122;3.83;48
2024/10/07 13:58;0.21;0.31;92;75;8.158;229.3;0.53;122;3.83;49
2024/10/07 13:58;0.23;0.28;92;77;8.158;229.3;0.52;120;3.54;50
2024/10/07 13:58;0.23;0.28;92;77;8.158;229.3;0.52;120;3.54;51
2024/10/07 13:58;0.23;0.28;92;77;8.158;229.3;0.52;120;3.54;52
2024/10/07 13:58;0.23;0.28;92;77;8.158;229.3;0.52;120;3.54;53
2024/10/07 13:58;0.23;0.28;92;77;8.158;229.3;0.52;120;3.54;54
2024/10/07 13:58;0.20;0.30;86;74;8.158;229.2;0.51;117;3.56;55
2024/10/07 13:58;0.20;0.30;86;74;8.158;229.2;0.51;117;3.56;56
2024/10/07 13:58;0.20;0.30;86;74;8.158;229.2;0.51;117;3.56;57
2024/10/07 13:58;0.20;0.30;86;74;8.158;229.2;0.51;117;3.56;58
2024/10/07 13:58;0.20;0.30;86;74;8.158;229.2;0.51;117;3.56;59
2024/10/07 13:58;0.20;0.31;93;77;8.158;229.1;0.53;121;3.37;60
2024/10/07 13:58;0.20;0.31;93;77;8.158;229.1;0.53;121;3.37;61
2024/10/07 13:58;0.20;0.31;93;77;8.158;229.1;0.53;121;3.37;62
2024/10/07 13:58;0.20;0.31;93;77;8.158;229.1;0.53;121;3.37;63
2024/10/07 13:58;0.20;0.31;93;77;8.158;229.1;0.53;121;3.37;64
2024/10/07 13:58;0.35;0.34;133;84;8.158;228.9;0.69;158;3.47;65
2024/10/07 13:58;0.35;0.34;133;84;8.158;228.9;0.69;158;3.47;66
2024/10/07 13:58;0.35;0.34;133;84;8.158;228.9;0.69;158;3.47;67
2024/10/07 13:58;0.35;0.34;133;84;8.158;228.9;0.69;158;3.47;68
2024/10/07 13:58;0.35;0.34;133;84;8.158;228.9;0.69;158;3.47;69
2024/10/07 13:58;0.34;0.41;157;89;8.158;229.1;0.77;176;2.80;70
2024/10/07 13:58;0.34;0.41;157;89;8.158;229.1;0.77;176;2.80;71
2024/10/07 13:58;0.34;0.41;157;89;8.158;229.1;0.77;176;2.80;72
2024/10/07 13:58;0.34;0.41;157;89;8.158;229.1;0.77;176;2.80;73
2024/10/07 13:58;0.34;0.41;157;89;8.158;229.1;0.77;176;2.80;74
2024/10/07 13:58;0.26;0.34;115;82;8.158;229.3;0.61;140;3.30;75
2024/10/07 13:58;0.26;0.34;115;82;8.158;229.3;0.61;140;3.30;76
2024/10/07 13:58;0.26;0.34;115;82;8.158;229.3;0.61;140;3.30;77
2024/10/07 13:58;0.26;0.34;115;82;8.158;229.3;0.61;140;3.30;78
2024/10/07 13:58;0.26;0.34;115;82;8.158;229.3;0.61;140;3.30;79
2024/10/07 13:58;0.34;0.39;153;89;8.159;228.5;0.75;172;2.83;80
2024/10/07 13:58;0.34;0.39;153;89;8.159;228.5;0.75;172;2.83;81
2024/10/07 13:58;0.34;0.39;153;89;8.159;228.5;0.75;172;2.83;82
2024/10/07 13:58;0.34;0.39;153;89;8.159;228.5;0.75;172;2.83;83
2024/10/07 13:58;0.34;0.39;153;89;8.159;228.5;0.75;172;2.83;84
2024/10/07 13:58;0.31;0.40;140;86;8.159;229.0;0.71;163;3.29;85
2024/10/07 13:58;0.31;0.40;140;86;8.159;229.0;0.71;163;3.29;86
2024/10/07 13:58;0.31;0.40;140;86;8.159;229.0;0.71;163;3.29;87
2024/10/07 13:58;0.31;0.40;140;86;8.159;229.0;0.71;163;3.29;88
2024/10/07 13:58;0.31;0.40;140;86;8.159;229.0;0.71;163;3.29;89
2024/10/07 13:58;0.31;0.36;136;86;8.159;228.9;0.69;158;3.24;90
2024/10/07 13:58;0.31;0.36;136;86;8.159;228.9;0.69;158;3.24;91
2024/10/07 13:58;0.31;0.36;136;86;8.159;228.9;0.69;158;3.24;92
2024/10/07 13:58;0.31;0.36;136;86;8.159;228.9;0.69;158;3.24;93
2024/10/07 13:58;0.31;0.36;136;86;8.159;228.9;0.69;158;3.24;94
2024/10/07 13:58;0.32;0.38;144;88;8.159;228.9;0.72;164;2.93;95
2024/10/07 13:58;0.32;0.38;144;88;8.159;228.9;0.72;164;2.93;96
2024/10/07 13:58;0.32;0.38;144;88;8.159;228.9;0.72;164;2.93;97
2024/10/07 13:58;0.32;0.38;144;88;8.159;228.9;0.72;164;2.93;98
2024/10/07 13:58;0.32;0.38;144;88;8.159;228.9;0.72;164;2.93;99
2024/10/07 13:58;0.32;0.39;147;88;8.159;228.9;0.73;167;2.91;100
2024/10/07 13:58;0.32;0.39;147;88;8.159;228.9;0.73;167;2.91;101
2024/10/07 13:58;0.32;0.39;147;88;8.159;228.9;0.73;167;2.91;102
2024/10/07 13:58;0.32;0.39;147;88;8.159;228.9;0.73;167;2.91;103
2024/10/07 13:58;0.32;0.39;147;88;8.159;228.9;0.73;167;2.91;104
2024/10/07 13:58;0.30;0.38;142;87;8.160;229.0;0.71;163;3.04;105
2024/10/07 13:58;0.30;0.38;142;87;8.160;229.0;0.71;163;3.04;106
2024/10/07 13:59;0.30;0.38;142;87;8.160;229.0;0.71;163;3.04;107
2024/10/07 13:59;0.30;0.38;142;87;8.160;229.0;0.71;163;3.04;108
2024/10/07 13:59;0.30;0.38;142;87;8.160;229.0;0.71;163;3.04;109
2024/10/07 13:59;0.31;0.39;145;87;8.160;229.2;0.72;166;3.05;110
2024/10/07 13:59;0.31;0.39;145;87;8.160;229.2;0.72;166;3.05;111
2024/10/07 13:59;0.31;0.39;145;87;8.160;229.2;0.72;166;3.05;112
2024/10/07 13:59;0.31;0.39;145;87;8.160;229.2;0.72;166;3.05;113
2024/10/07 13:59;0.31;0.39;145;87;8.160;229.2;0.72;166;3.05;114
2024/10/07 13:59;0.31;0.37;136;86;8.160;229.2;0.69;158;3.16;115
2024/10/07 13:59;0.31;0.37;136;86;8.160;229.2;0.69;158;3.16;116
2024/10/07 13:59;0.31;0.37;136;86;8.160;229.2;0.69;158;3.16;117
2024/10/07 13:59;0.31;0.37;136;86;8.160;229.2;0.69;158;3.16;118
2024/10/07 13:59;0.31;0.37;136;86;8.160;229.2;0.69;158;3.16;119
2024/10/07 13:59;0.31;0.28;113;82;8.160;229.2;0.60;137;3.24;120
2024/10/07 13:59;0.31;0.28;113;82;8.160;229.2;0.60;137;3.24;121
2024/10/07 13:59;0.31;0.28;113;82;8.160;229.2;0.60;137;3.24;122
2024/10/07 13:59;0.31;0.28;113;82;8.160;229.2;0.60;137;3.24;123
2024/10/07 13:59;0.31;0.28;113;82;8.160;229.2;0.60;137;3.24;124
2024/10/07 13:59;0.30;0.27;110;81;8.160;229.2;0.59;135;3.15;125
2024/10/07 13:59;0.30;0.27;110;81;8.160;229.2;0.59;135;3.15;126
2024/10/07 13:59;0.30;0.27;110;81;8.160;229.2;0.59;135;3.15;127
2024/10/07 13:59;0.30;0.27;110;81;8.160;229.2;0.59;135;3.15;128
2024/10/07 13:59;0.30;0.27;110;81;8.160;229.2;0.59;135;3.15;129
2024/10/07 13:59;0.31;0.28;111;82;8.161;229.0;0.59;136;3.19;130
2024/10/07 13:59;0.31;0.28;111;82;8.161;229.0;0.59;136;3.19;131
2024/10/07 13:59;0.31;0.28;111;82;8.161;229.0;0.59;136;3.19;132
2024/10/07 13:59;0.31;0.28;111;82;8.161;229.0;0.59;136;3.19;133
2024/10/07 13:59;0.31;0.28;111;82;8.161;229.0;0.59;136;3.19;134
2024/10/07 13:59;0.32;0.39;145;87;8.161;229.2;0.72;166;3.07;135
2024/10/07 13:59;0.32;0.39;145;87;8.161;229.2;0.72;166;3.07;136
2024/10/07 13:59;0.32;0.39;145;87;8.161;229.2;0.72;166;3.07;137
2024/10/07 13:59;0.32;0.39;145;87;8.161;229.2;0.72;166;3.07;138
2024/10/07 13:59;0.32;0.39;145;87;8.161;229.2;0.72;166;3.07;139
2024/10/07 13:59;0.32;0.38;141;87;8.161;229.3;0.71;162;2.93;140
2024/10/07 13:59;0.32;0.38;141;87;8.161;229.3;0.71;162;2.93;141
2024/10/07 13:59;0.32;0.38;141;87;8.161;229.3;0.71;162;2.93;142
2024/10/07 13:59;0.32;0.38;141;87;8.161;229.3;0.71;162;2.93;143
2024/10/07 13:59;0.32;0.38;141;87;8.161;229.3;0.71;162;2.93;144
2024/10/07 13:59;0.31;0.39;144;87;8.161;229.3;0.72;165;3.01;145
2024/10/07 13:59;0.31;0.39;144;87;8.161;229.3;0.72;165;3.01;146
2024/10/07 13:59;0.31;0.39;144;87;8.161;229.3;0.72;165;3.01;147
2024/10/07 13:59;0.31;0.39;144;87;8.161;229.3;0.72;165;3.01;148
2024/10/07 13:59;0.31;0.39;144;87;8.161;229.3;0.72;165;3.01;149
2024/10/07 13:59;0.31;0.37;136;86;8.161;229.4;0.69;159;3.14;150
2024/10/07 13:59;0.31;0.37;136;86;8.161;229.4;0.69;159;3.14;151
2024/10/07 13:59;0.31;0.37;136;86;8.161;229.4;0.69;159;3.14;152
2024/10/07 13:59;0.31;0.37;136;86;8.161;229.4;0.69;159;3.14;153
2024/10/07 13:59;0.31;0.37;136;86;8.161;229.4;0.69;159;3.14;154
2024/10/07 13:59;0.32;0.37;137;86;8.161;229.6;0.69;159;3.04;155
2024/10/07 13:59;0.32;0.37;137;86;8.161;229.6;0.69;159;3.04;156
2024/10/07 13:59;0.32;0.37;137;86;8.161;229.6;0.69;159;3.04;157
2024/10/07 13:59;0.32;0.37;137;86;8.161;229.6;0.69;159;3.04;158
2024/10/07 13:59;0.32;0.37;137;86;8.161;229.6;0.69;159;3.04;159
2024/10/07 13:59;0.32;0.39;146;88;8.162;229.3;0.73;166;3.05;160
2024/10/07 13:59;0.32;0.39;146;88;8.162;229.3;0.73;166;3.05;161
2024/10/07 13:59;0.32;0.39;146;88;8.162;229.3;0.73;166;3.05;162
2024/10/07 13:59;0.32;0.39;146;88;8.162;229.3;0.73;166;3.05;163
2024/10/07 13:59;0.32;0.39;146;88;8.162;229.3;0.73;166;3.05;164
2024/10/07 13:59;0.30;0.36;132;86;8.162;229.4;0.67;154;3.05;165
2024/10/07 13:59;0.30;0.36;132;86;8.162;229.4;0.67;154;3.05;166
2024/10/07 14:00;0.30;0.36;132;86;8.162;229.4;0.67;154;3.05;167
2024/10/07 14:00;0.30;0.36;132;86;8.162;229.4;0.67;154;3.05;168
2024/10/07 14:00;0.30;0.36;132;86;8.162;229.4;0.67;154;3.05;169
2024/10/07 14:00;0.31;0.38;142;87;8.162;229.3;0.71;163;2.91;170
2024/10/07 14:00;0.31;0.38;142;87;8.162;229.3;0.71;163;2.91;171
2024/10/07 14:00;0.31;0.38;142;87;8.162;229.3;0.71;163;2.91;172
2024/10/07 14:00;0.31;0.38;142;87;8.162;229.3;0.71;163;2.91;173
2024/10/07 14:00;0.31;0.38;142;87;8.162;229.3;0.71;163;2.91;174
2024/10/07 14:00;0.32;0.40;144;87;8.162;229.4;0.72;166;2.94;175
2024/10/07 14:00;0.32;0.40;144;87;8.162;229.4;0.72;166;2.94;176
2024/10/07 14:00;0.32;0.40;144;87;8.162;229.4;0.72;166;2.94;177
2024/10/07 14:00;0.32;0.40;144;87;8.162;229.4;0.72;166;2.94;178
2024/10/07 14:00;0.32;0.40;144;87;8.162;229.4;0.72;166;2.94;179
2024/10/07 14:00;0.31;0.35;130;85;8.162;229.5;0.67;153;3.15;180
2024/10/07 14:00;0.31;0.35;130;85;8.162;229.5;0.67;153;3.15;181
2024/10/07 14:00;0.31;0.35;130;85;8.162;229.5;0.67;153;3.15;182
2024/10/07 14:00;0.31;0.35;130;85;8.162;229.5;0.67;153;3.15;183
2024/10/07 14:00;0.31;0.35;130;85;8.162;229.5;0.67;153;3.15;184
2024/10/07 14:00;0.33;0.37;143;87;8.163;229.6;0.71;164;3.16;185
2024/10/07 14:00;0.33;0.37;143;87;8.163;229.6;0.71;164;3.16;186
2024/10/07 14:00;0.33;0.37;143;87;8.163;229.6;0.71;164;3.16;187
2024/10/07 14:00;0.33;0.37;143;87;8.163;229.6;0.71;164;3.16;188
2024/10/07 14:00;0.33;0.37;143;87;8.163;229.6;0.71;164;3.16;189
2024/10/07 14:00;0.31;0.38;144;88;8.163;229.6;0.71;164;2.82;190
2024/10/07 14:00;0.31;0.38;144;88;8.163;229.6;0.71;164;2.82;191
2024/10/07 14:00;0.31;0.38;144;88;8.163;229.6;0.71;164;2.82;192
2024/10/07 14:00;0.31;0.38;144;88;8.163;229.6;0.71;164;2.82;193
2024/10/07 14:00;0.31;0.38;144;88;8.163;229.6;0.71;164;2.82;194
2024/10/07 14:00;0.31;0.37;139;86;8.163;229.5;0.70;161;3.03;195
2024/10/07 14:00;0.31;0.37;139;86;8.163;229.5;0.70;161;3.03;196
2024/10/07 14:00;0.31;0.37;139;86;8.163;229.5;0.70;161;3.03;197
2024/10/07 14:00;0.31;0.37;139;86;8.163;229.5;0.70;161;3.03;198
2024/10/07 14:00;0.31;0.37;139;86;8.163;229.5;0.70;161;3.03;199
2024/10/07 14:00;0.32;0.40;147;88;8.163;229.6;0.73;168;2.96;200
2024/10/07 14:00;0.32;0.40;147;88;8.163;229.6;0.73;168;2.96;201
2024/10/07 14:00;0.32;0.40;147;88;8.163;229.6;0.73;168;2.96;202
2024/10/07 14:00;0.32;0.40;147;88;8.163;229.6;0.73;168;2.96;203
2024/10/07 14:00;0.32;0.40;147;88;8.163;229.6;0.73;168;2.96;204
2024/10/07 14:00;0.31;0.38;144;87;8.163;229.7;0.72;165;3.11;205
2024/10/07 14:00;0.31;0.38;144;87;8.163;229.7;0.72;165;3.11;206
2024/10/07 14:00;0.31;0.38;144;87;8.163;229.7;0.72;165;3.11;207
2024/10/07 14:00;0.31;0.38;144;87;8.163;229.7;0.72;165;3.11;208
2024/10/07 14:00;0.32;0.38;143;87;8.164;228.9;0.72;164;3.25;209
2024/10/07 14:00;0.32;0.38;143;87;8.164;228.9;0.72;164;3.25;210
2024/10/07 14:00;0.32;0.38;143;87;8.164;228.9;0.72;164;3.25;211
2024/10/07 14:00;0.32;0.38;143;87;8.164;228.9;0.72;164;3.25;212
2024/10/07 14:00;0.32;0.38;143;87;8.164;228.9;0.72;164;3.25;213
2024/10/07 14:00;0.32;0.38;143;87;8.164;228.9;0.72;164;3.25;214
2024/10/07 14:00;0.32;0.40;148;88;8.164;229.6;0.73;168;2.99;215
2024/10/07 14:00;0.32;0.40;148;88;8.164;229.6;0.73;168;2.99;216
2024/10/07 14:00;0.32;0.40;148;88;8.164;229.6;0.73;168;2.99;217
2024/10/07 14:00;0.32;0.40;148;88;8.164;229.6;0.73;168;2.99;218
2024/10/07 14:00;0.32;0.40;148;88;8.164;229.6;0.73;168;2.99;219
2024/10/07 14:00;0.32;0.37;142;88;8.164;228.9;0.71;162;3.02;220
2024/10/07 14:00;0.32;0.37;142;88;8.164;228.9;0.71;162;3.02;221
2024/10/07 14:00;0.32;0.37;142;88;8.164;228.9;0.71;162;3.02;222
2024/10/07 14:00;0.32;0.37;142;88;8.164;228.9;0.71;162;3.02;223
2024/10/07 14:00;0.32;0.37;142;88;8.164;228.9;0.71;162;3.02;224
2024/10/07 14:00;0.32;0.37;142;88;8.164;228.9;0.71;162;3.02;225
2024/10/07 14:00;0.32;0.37;142;88;8.164;228.9;0.71;162;3.02;226
2024/10/07 14:01;0.32;0.37;142;88;8.164;228.9;0.71;162;3.02;227
2024/10/07 14:01;0.32;0.37;142;88;8.164;228.9;0.71;162;3.02;228
2024/10/07 14:01;0.32;0.37;142;88;8.164;228.9;0.71;162;3.02;229
2024/10/07 14:01;0.31;0.30;118;83;8.164;229.7;0.62;143;3.38;230
2024/10/07 14:01;0.31;0.30;118;83;8.164;229.7;0.62;143;3.38;231
2024/10/07 14:01;0.31;0.30;118;83;8.164;229.7;0.62;143;3.38;232
2024/10/07 14:01;0.31;0.30;118;83;8.164;229.7;0.62;143;3.38;233
2024/10/07 14:01;0.32;0.38;144;87;8.165;229.5;0.72;165;3.17;234
2024/10/07 14:01;0.32;0.38;144;87;8.165;229.5;0.72;165;3.17;235
2024/10/07 14:01;0.32;0.38;144;87;8.165;229.5;0.72;165;3.17;236
2024/10/07 14:01;0.32;0.38;144;87;8.165;229.5;0.72;165;3.17;237
2024/10/07 14:01;0.32;0.38;144;87;8.165;229.5;0.72;165;3.17;238
2024/10/07 14:01;0.32;0.38;143;87;8.165;229.4;0.72;164;3.13;239
2024/10/07 14:01;0.32;0.38;143;87;8.165;229.4;0.72;164;3.13;240
2024/10/07 14:01;0.32;0.38;143;87;8.165;229.4;0.72;164;3.13;241
2024/10/07 14:01;0.32;0.38;143;87;8.165;229.4;0.72;164;3.13;242
2024/10/07 14:01;0.32;0.38;143;87;8.165;229.4;0.72;164;3.13;243
2024/10/07 14:01;0.32;0.34;130;85;8.165;229.7;0.67;153;3.01;244
2024/10/07 14:01;0.32;0.34;130;85;8.165;229.7;0.67;153;3.01;245
2024/10/07 14:01;0.32;0.34;130;85;8.165;229.7;0.67;153;3.01;246
2024/10/07 14:01;0.32;0.34;130;85;8.165;229.7;0.67;153;3.01;247
2024/10/07 14:01;0.32;0.34;130;85;8.165;229.7;0.67;153;3.01;248
2024/10/07 14:01;0.32;0.37;143;88;8.165;229.4;0.71;163;2.95;249
2024/10/07 14:01;0.32;0.37;143;88;8.165;229.4;0.71;163;2.95;250
2024/10/07 14:01;0.32;0.37;143;88;8.165;229.4;0.71;163;2.95;251
2024/10/07 14:01;0.32;0.37;143;88;8.165;229.4;0.71;163;2.95;252
2024/10/07 14:01;0.32;0.37;143;88;8.165;229.4;0.71;163;2.95;253
2024/10/07 14:01;0.32;0.40;146;88;8.165;229.0;0.73;166;3.02;254
2024/10/07 14:01;0.32;0.40;146;88;8.165;229.0;0.73;166;3.02;255
2024/10/07 14:01;0.32;0.40;146;88;8.165;229.0;0.73;166;3.02;256
2024/10/07 14:01;0.32;0.40;146;88;8.165;229.0;0.73;166;3.02;257
2024/10/07 14:01;0.32;0.40;146;88;8.165;229.0;0.73;166;3.02;258
2024/10/07 14:01;0.31;0.37;137;86;8.166;229.2;0.69;159;3.15;259
2024/10/07 14:01;0.31;0.37;137;86;8.166;229.2;0.69;159;3.15;260
2024/10/07 14:01;0.31;0.37;137;86;8.166;229.2;0.69;159;3.15;261
2024/10/07 14:01;0.31;0.37;137;86;8.166;229.2;0.69;159;3.15;262
2024/10/07 14:01;0.31;0.37;137;86;8.166;229.2;0.69;159;3.15;263
2024/10/07 14:01;0.32;0.39;147;88;8.166;229.0;0.73;168;3.11;264
2024/10/07 14:01;0.32;0.39;147;88;8.166;229.0;0.73;168;3.11;265
2024/10/07 14:01;0.32;0.39;147;88;8.166;229.0;0.73;168;3.11;266
2024/10/07 14:01;0.32;0.39;147;88;8.166;229.0;0.73;168;3.11;267
2024/10/07 14:01;0.32;0.39;147;88;8.166;229.0;0.73;168;3.11;268
2024/10/07 14:01;0.31;0.38;145;88;8.166;229.0;0.72;165;3.08;269
2024/10/07 14:01;0.31;0.38;145;88;8.166;229.0;0.72;165;3.08;270
2024/10/07 14:01;0.31;0.38;145;88;8.166;229.0;0.72;165;3.08;271
2024/10/07 14:01;0.31;0.38;145;88;8.166;229.0;0.72;165;3.08;272
2024/10/07 14:01;0.31;0.38;145;88;8.166;229.0;0.72;165;3.08;273
2024/10/07 14:01;0.32;0.38;146;88;8.166;229.1;0.73;166;2.87;274
2024/10/07 14:01;0.32;0.38;146;88;8.166;229.1;0.73;166;2.87;275
2024/10/07 14:01;0.32;0.38;146;88;8.166;229.1;0.73;166;2.87;276
2024/10/07 14:01;0.32;0.38;146;88;8.166;229.1;0.73;166;2.87;277
2024/10/07 14:01;0.32;0.38;146;88;8.166;229.1;0.73;166;2.87;278
2024/10/07 14:01;0.32;0.42;151;88;8.166;229.1;0.75;172;2.88;279
2024/10/07 14:01;0.32;0.42;151;88;8.166;229.1;0.75;172;2.88;280
2024/10/07 14:01;0.32;0.42;151;88;8.166;229.1;0.75;172;2.88;281
2024/10/07 14:01;0.32;0.42;151;88;8.166;229.1;0.75;172;2.88;282
2024/10/07 14:01;0.32;0.42;151;88;8.166;229.1;0.75;172;2.88;283
2024/10/07 14:01;0.32;0.36;137;86;8.167;229.1;0.69;159;3.18;284
2024/10/07 14:01;0.32;0.36;137;86;8.167;229.1;0.69;159;3.18;285
2024/10/07 14:02;0.32;0.36;137;86;8.167;229.1;0.69;159;3.18;286
2024/10/07 14:02;0.32;0.36;137;86;8.167;229.1;0.69;159;3.18;287
2024/10/07 14:02;0.32;0.36;137;86;8.167;229.1;0.69;159;3.18;288
2024/10/07 14:02;0.33;0.38;143;87;8.167;228.8;0.72;164;3.24;289
2024/10/07 14:02;0.33;0.38;143;87;8.167;228.8;0.72;164;3.24;290
2024/10/07 14:02;0.33;0.38;143;87;8.167;228.8;0.72;164;3.24;291
2024/10/07 14:02;0.33;0.38;143;87;8.167;228.8;0.72;164;3.24;292
2024/10/07 14:02;0.33;0.38;143;87;8.167;228.8;0.72;164;3.24;293
2024/10/07 14:02;0.32;0.37;140;87;8.167;228.7;0.70;161;3.15;294
2024/10/07 14:02;0.32;0.37;140;87;8.167;228.7;0.70;161;3.15;295
2024/10/07 14:02;0.32;0.37;140;87;8.167;228.7;0.70;161;3.15;296
2024/10/07 14:02;0.32;0.37;140;87;8.167;228.7;0.70;161;3.15;297
2024/10/07 14:02;0.32;0.37;140;87;8.167;228.7;0.70;161;3.15;298
2024/10/07 14:02;0.32;0.38;143;87;8.167;228.9;0.72;164;3.26;299
2024/10/07 14:02;0.32;0.38;143;87;8.167;228.9;0.72;164;3.26;300
2024/10/07 14:02;0.32;0.38;143;87;8.167;228.9;0.72;164;3.26;301
2024/10/07 14:02;0.32;0.38;143;87;8.167;228.9;0.72;164;3.26;302
2024/10/07 14:02;0.32;0.38;143;87;8.167;228.9;0.72;164;3.26;303
2024/10/07 14:02;0.34;0.40;154;89;8.167;228.7;0.76;174;2.84;304
2024/10/07 14:02;0.34;0.40;154;89;8.167;228.7;0.76;174;2.84;305
2024/10/07 14:02;0.34;0.40;154;89;8.167;228.7;0.76;174;2.84;306
2024/10/07 14:02;0.34;0.40;154;89;8.167;228.7;0.76;174;2.84;307
2024/10/07 14:02;0.34;0.40;154;89;8.167;228.7;0.76;174;2.84;308
2024/10/07 14:02;0.32;0.39;145;88;8.168;228.6;0.72;165;3.09;309
2024/10/07 14:02;0.32;0.39;145;88;8.168;228.6;0.72;165;3.09;310
2024/10/07 14:02;0.32;0.39;145;88;8.168;228.6;0.72;165;3.09;311
2024/10/07 14:02;0.32;0.39;145;88;8.168;228.6;0.72;165;3.09;312
2024/10/07 14:02;0.32;0.39;145;88;8.168;228.6;0.72;165;3.09;313
2024/10/07 14:02;0.33;0.39;149;88;8.168;228.7;0.74;169;2.79;314
2024/10/07 14:02;0.33;0.39;149;88;8.168;228.7;0.74;169;2.79;315
2024/10/07 14:02;0.33;0.39;149;88;8.168;228.7;0.74;169;2.79;316
2024/10/07 14:02;0.33;0.39;149;88;8.168;228.7;0.74;169;2.79;317
2024/10/07 14:02;0.33;0.39;149;88;8.168;228.7;0.74;169;2.79;318
2024/10/07 14:02;0.32;0.38;148;88;8.168;228.8;0.74;168;3.01;319
2024/10/07 14:02;0.32;0.38;148;88;8.168;228.8;0.74;168;3.01;320
2024/10/07 14:02;0.32;0.38;148;88;8.168;228.8;0.74;168;3.01;321
2024/10/07 14:02;0.32;0.38;148;88;8.168;228.8;0.74;168;3.01;322
2024/10/07 14:02;0.32;0.38;148;88;8.168;228.8;0.74;168;3.01;323
2024/10/07 14:02;0.32;0.38;143;87;8.168;228.7;0.72;165;3.20;324
2024/10/07 14:02;0.32;0.38;143;87;8.168;228.7;0.72;165;3.20;325
2024/10/07 14:02;0.32;0.38;143;87;8.168;228.7;0.72;165;3.20;326
2024/10/07 14:02;0.32;0.38;143;87;8.168;228.7;0.72;165;3.20;327
2024/10/07 14:02;0.32;0.38;143;87;8.168;228.7;0.72;165;3.20;328
2024/10/07 14:02;0.31;0.36;150;88;8.168;228.6;0.74;170;2.92;329
2024/10/07 14:02;0.31;0.36;150;88;8.168;228.6;0.74;170;2.92;330
2024/10/07 14:02;0.31;0.36;150;88;8.168;228.6;0.74;170;2.92;331
2024/10/07 14:02;0.31;0.36;150;88;8.168;228.6;0.74;170;2.92;332
2024/10/07 14:02;0.31;0.36;150;88;8.168;228.6;0.74;170;2.92;333
2024/10/07 14:02;0.20;0.40;115;82;8.169;228.6;0.61;140;3.37;334
2024/10/07 14:02;0.20;0.40;115;82;8.169;228.6;0.61;140;3.37;335
2024/10/07 14:02;0.20;0.40;115;82;8.169;228.6;0.61;140;3.37;336
2024/10/07 14:02;0.20;0.40;115;82;8.169;228.6;0.61;140;3.37;337
2024/10/07 14:02;0.20;0.40;115;82;8.169;228.6;0.61;140;3.37;338
2024/10/07 14:02;0.20;0.34;98;78;8.169;228.9;0.55;126;3.35;339
2024/10/07 14:02;0.20;0.34;98;78;8.169;228.9;0.55;126;3.35;340
2024/10/07 14:02;0.20;0.34;98;78;8.169;228.9;0.55;126;3.35;341
2024/10/07 14:02;0.20;0.34;98;78;8.169;228.9;0.55;126;3.35;342
2024/10/07 14:02;0.20;0.34;98;78;8.169;228.9;0.55;126;3.35;343
2024/10/07 14:02;0.33;0.38;143;87;8.169;228.7;0.72;165;2.98;344
2024/10/07 14:02;0.33;0.38;143;87;8.169;228.7;0.72;165;2.98;345
2024/10/07 14:03;0.33;0.38;143;87;8.169;228.7;0.72;165;2.98;346
2024/10/07 14:03;0.33;0.38;143;87;8.169;228.7;0.72;165;2.98;347
2024/10/07 14:03;0.33;0.38;143;87;8.169;228.7;0.72;165;2.98;348
2024/10/07 14:03;0.30;0.38;138;86;8.169;228.2;0.70;160;2.98;349
2024/10/07 14:03;0.30;0.38;138;86;8.169;228.2;0.70;160;2.98;350
2024/10/07 14:03;0.30;0.38;138;86;8.169;228.2;0.70;160;2.98;351
2024/10/07 14:03;0.30;0.38;138;86;8.169;228.2;0.70;160;2.98;352
2024/10/07 14:03;0.30;0.38;138;86;8.169;228.2;0.70;160;2.98;353
2024/10/07 14:03;0.33;0.36;137;86;8.169;228.5;0.69;159;3.05;354
2024/10/07 14:03;0.33;0.36;137;86;8.169;228.5;0.69;159;3.05;355
2024/10/07 14:03;0.33;0.36;137;86;8.169;228.5;0.69;159;3.05;356
2024/10/07 14:03;0.33;0.36;137;86;8.169;228.5;0.69;159;3.05;357
2024/10/07 14:03;0.33;0.36;137;86;8.169;228.5;0.69;159;3.05;358
2024/10/07 14:03;0.33;0.41;151;88;8.169;228.3;0.75;171;3.09;359
2024/10/07 14:03;0.33;0.41;151;88;8.169;228.3;0.75;171;3.09;360
2024/10/07 14:03;0.33;0.41;151;88;8.169;228.3;0.75;171;3.09;361
2024/10/07 14:03;0.33;0.41;151;88;8.169;228.3;0.75;171;3.09;362
2024/10/07 14:03;0.33;0.41;151;88;8.169;228.3;0.75;171;3.09;363
2024/10/07 14:03;0.33;0.37;138;86;8.170;228.2;0.70;160;2.99;364
2024/10/07 14:03;0.33;0.37;138;86;8.170;228.2;0.70;160;2.99;365
2024/10/07 14:03;0.33;0.37;138;86;8.170;228.2;0.70;160;2.99;366
2024/10/07 14:03;0.33;0.37;138;86;8.170;228.2;0.70;160;2.99;367
2024/10/07 14:03;0.33;0.37;138;86;8.170;228.2;0.70;160;2.99;368
2024/10/07 14:03;0.32;0.36;137;87;8.170;228.4;0.69;158;3.02;369
2024/10/07 14:03;0.32;0.36;137;87;8.170;228.4;0.69;158;3.02;370
2024/10/07 14:03;0.32;0.36;137;87;8.170;228.4;0.69;158;3.02;371
2024/10/07 14:03;0.32;0.36;137;87;8.170;228.4;0.69;158;3.02;372
2024/10/07 14:03;0.32;0.36;137;87;8.170;228.4;0.69;158;3.02;373
2024/10/07 14:03;0.30;0.35;131;86;8.170;228.3;0.67;153;3.07;374
2024/10/07 14:03;0.30;0.35;131;86;8.170;228.3;0.67;153;3.07;375
2024/10/07 14:03;0.30;0.35;131;86;8.170;228.3;0.67;153;3.07;376
2024/10/07 14:03;0.30;0.35;131;86;8.170;228.3;0.67;153;3.07;377
2024/10/07 14:03;0.30;0.35;131;86;8.170;228.3;0.67;153;3.07;378
2024/10/07 14:03;0.36;0.39;154;89;8.170;228.4;0.76;174;2.93;379
2024/10/07 14:03;0.36;0.39;154;89;8.170;228.4;0.76;174;2.93;380
2024/10/07 14:03;0.36;0.39;154;89;8.170;228.4;0.76;174;2.93;381
2024/10/07 14:03;0.36;0.39;154;89;8.170;228.4;0.76;174;2.93;382
2024/10/07 14:03;0.36;0.39;154;89;8.170;228.4;0.76;174;2.93;383
2024/10/07 14:03;0.35;0.39;152;88;8.170;228.5;0.76;173;2.86;384
2024/10/07 14:03;0.35;0.39;152;88;8.170;228.5;0.76;173;2.86;385
2024/10/07 14:03;0.35;0.39;152;88;8.170;228.5;0.76;173;2.86;386
2024/10/07 14:03;0.35;0.39;152;88;8.170;228.5;0.76;173;2.86;387
2024/10/07 14:03;0.35;0.39;152;88;8.170;228.5;0.76;173;2.86;388
2024/10/07 14:03;0.35;0.38;151;88;8.171;228.3;0.75;171;2.87;389
2024/10/07 14:03;0.35;0.38;151;88;8.171;228.3;0.75;171;2.87;390
2024/10/07 14:03;0.35;0.38;151;88;8.171;228.3;0.75;171;2.87;391
2024/10/07 14:03;0.35;0.38;151;88;8.171;228.3;0.75;171;2.87;392
2024/10/07 14:03;0.35;0.38;151;88;8.171;228.3;0.75;171;2.87;393
2024/10/07 14:03;0.33;0.40;150;89;8.171;228.2;0.74;169;2.99;394
2024/10/07 14:03;0.33;0.40;150;89;8.171;228.2;0.74;169;2.99;395
2024/10/07 14:03;0.33;0.40;150;89;8.171;228.2;0.74;169;2.99;396
2024/10/07 14:03;0.33;0.40;150;89;8.171;228.2;0.74;169;2.99;397
2024/10/07 14:03;0.33;0.40;150;89;8.171;228.2;0.74;169;2.99;398
2024/10/07 14:03;0.31;0.39;141;87;8.171;228.3;0.71;162;3.27;399
2024/10/07 14:03;0.31;0.39;141;87;8.171;228.3;0.71;162;3.27;400
2024/10/07 14:03;0.31;0.39;141;87;8.171;228.3;0.71;162;3.27;401
2024/10/07 14:03;0.31;0.39;141;87;8.171;228.3;0.71;162;3.27;402
2024/10/07 14:03;0.33;0.44;154;87;8.171;228.2;0.77;177;3.14;403
2024/10/07 14:03;0.33;0.44;154;87;8.171;228.2;0.77;177;3.14;404
2024/10/07 14:04;0.33;0.44;154;87;8.171;228.2;0.77;177;3.14;405
2024/10/07 14:04;0.33;0.44;154;87;8.171;228.2;0.77;177;3.14;406
2024/10/07 14:04;0.33;0.44;154;87;8.171;228.2;0.77;177;3.14;407
2024/10/07 14:04;0.33;0.42;154;88;8.172;228.2;0.77;175;2.84;408
2024/10/07 14:04;0.33;0.42;154;88;8.172;228.2;0.77;175;2.84;409
2024/10/07 14:04;0.33;0.42;154;88;8.172;228.2;0.77;175;2.84;410
2024/10/07 14:04;0.33;0.42;154;88;8.172;228.2;0.77;175;2.84;411
2024/10/07 14:04;0.33;0.42;154;88;8.172;228.2;0.77;175;2.84;412
2024/10/07 14:04;0.33;0.42;154;88;8.172;228.2;0.77;175;2.84;413
2024/10/07 14:04;0.31;0.39;144;87;8.172;228.3;0.73;166;3.11;414
2024/10/07 14:04;0.31;0.39;144;87;8.172;228.3;0.73;166;3.11;415
2024/10/07 14:04;0.31;0.39;144;87;8.172;228.3;0.73;166;3.11;416
2024/10/07 14:04;0.31;0.39;144;87;8.172;228.3;0.73;166;3.11;417
2024/10/07 14:04;0.31;0.39;144;87;8.172;228.3;0.73;166;3.11;418
2024/10/07 14:04;0.33;0.40;151;88;8.172;228.5;0.75;171;3.01;419
2024/10/07 14:04;0.33;0.40;151;88;8.172;228.5;0.75;171;3.01;420
2024/10/07 14:04;0.33;0.40;151;88;8.172;228.5;0.75;171;3.01;421
2024/10/07 14:04;0.33;0.40;151;88;8.172;228.5;0.75;171;3.01;422
2024/10/07 14:04;0.33;0.40;151;88;8.172;228.5;0.75;171;3.01;423
2024/10/07 14:04;0.33;0.38;148;88;8.172;228.3;0.74;168;3.01;424
2024/10/07 14:04;0.33;0.38;148;88;8.172;228.3;0.74;168;3.01;425
2024/10/07 14:04;0.33;0.38;148;88;8.172;228.3;0.74;168;3.01;426
2024/10/07 14:04;0.33;0.38;148;88;8.172;228.3;0.74;168;3.01;427
2024/10/07 14:04;0.32;0.39;149;89;8.172;228.4;0.74;168;2.90;428
2024/10/07 14:04;0.32;0.39;149;89;8.172;228.4;0.74;168;2.90;429
2024/10/07 14:04;0.32;0.39;149;89;8.172;228.4;0.74;168;2.90;430
2024/10/07 14:04;0.32;0.39;149;89;8.172;228.4;0.74;168;2.90;431
2024/10/07 14:04;0.32;0.39;149;89;8.172;228.4;0.74;168;2.90;432
2024/10/07 14:04;0.32;0.38;142;87;8.173;228.4;0.71;163;2.97;433
2024/10/07 14:04;0.32;0.38;142;87;8.173;228.4;0.71;163;2.97;434
2024/10/07 14:04;0.32;0.38;142;87;8.173;228.4;0.71;163;2.97;435
2024/10/07 14:04;0.32;0.38;142;87;8.173;228.4;0.71;163;2.97;436
2024/10/07 14:04;0.32;0.38;142;87;8.173;228.4;0.71;163;2.97;437
2024/10/07 14:04;0.32;0.47;161;87;8.173;228.4;0.81;185;2.82;438
2024/10/07 14:04;0.32;0.47;161;87;8.173;228.4;0.81;185;2.82;439
2024/10/07 14:04;0.32;0.47;161;87;8.173;228.4;0.81;185;2.82;440
2024/10/07 14:04;0.32;0.47;161;87;8.173;228.4;0.81;185;2.82;441
2024/10/07 14:04;0.32;0.47;161;87;8.173;228.4;0.81;185;2.82;442
2024/10/07 14:04;0.33;0.40;151;88;8.173;228.3;0.75;172;3.12;443
2024/10/07 14:04;0.33;0.40;151;88;8.173;228.3;0.75;172;3.12;444
2024/10/07 14:04;0.33;0.40;151;88;8.173;228.3;0.75;172;3.12;445
2024/10/07 14:04;0.33;0.40;151;88;8.173;228.3;0.75;172;3.12;446
2024/10/07 14:04;0.33;0.40;151;88;8.173;228.3;0.75;172;3.12;447
2024/10/07 14:04;0.33;0.38;145;88;8.173;228.6;0.72;165;2.81;448
2024/10/07 14:04;0.33;0.38;145;88;8.173;228.6;0.72;165;2.81;449
2024/10/07 14:04;0.33;0.38;145;88;8.173;228.6;0.72;165;2.81;450
2024/10/07 14:04;0.33;0.38;145;88;8.173;228.6;0.72;165;2.81;451
2024/10/07 14:04;0.33;0.38;145;88;8.173;228.6;0.72;165;2.81;452
2024/10/07 14:04;0.32;0.38;144;87;8.173;228.3;0.72;165;2.81;453
2024/10/07 14:04;0.32;0.38;144;87;8.173;228.3;0.72;165;2.81;454
2024/10/07 14:04;0.32;0.38;144;87;8.173;228.3;0.72;165;2.81;455
2024/10/07 14:04;0.32;0.38;144;87;8.173;228.3;0.72;165;2.81;456
2024/10/07 14:04;0.32;0.38;144;87;8.173;228.3;0.72;165;2.81;457
2024/10/07 14:04;0.32;0.40;149;88;8.174;228.4;0.74;169;2.90;458
2024/10/07 14:04;0.32;0.40;149;88;8.174;228.4;0.74;169;2.90;459
2024/10/07 14:04;0.32;0.40;149;88;8.174;228.4;0.74;169;2.90;460
2024/10/07 14:04;0.32;0.40;149;88;8.174;228.4;0.74;169;2.90;461
2024/10/07 14:04;0.32;0.40;149;88;8.174;228.4;0.74;169;2.90;462
2024/10/07 14:04;0.32;0.40;148;88;8.174;228.1;0.74;168;2.87;463
2024/10/07 14:04;0.32;0.40;148;88;8.174;228.1;0.74;168;2.87;464
2024/10/07 14:05;0.32;0.40;148;88;8.174;228.1;0.74;168;2.87;465
2024/10/07 14:05;0.32;0.40;148;88;8.174;228.1;0.74;168;2.87;466
2024/10/07 14:05;0.32;0.40;148;88;8.174;228.1;0.74;168;2.87;467
2024/10/07 14:05;0.32;0.41;151;88;8.174;228.3;0.75;171;3.11;468
2024/10/07 14:05;0.32;0.41;151;88;8.174;228.3;0.75;171;3.11;469
2024/10/07 14:05;0.32;0.41;151;88;8.174;228.3;0.75;171;3.11;470
2024/10/07 14:05;0.32;0.41;151;88;8.174;228.3;0.75;171;3.11;471
2024/10/07 14:05;0.32;0.41;151;88;8.174;228.3;0.75;171;3.11;472
2024/10/07 14:05;0.33;0.38;144;87;8.174;228.3;0.72;166;3.18;473
2024/10/07 14:05;0.33;0.38;144;87;8.174;228.3;0.72;166;3.18;474
2024/10/07 14:05;0.33;0.38;144;87;8.174;228.3;0.72;166;3.18;475
2024/10/07 14:05;0.33;0.38;144;87;8.174;228.3;0.72;166;3.18;476
2024/10/07 14:05;0.33;0.38;144;87;8.174;228.3;0.72;166;3.18;477
2024/10/07 14:05;0.32;0.41;147;87;8.174;228.4;0.74;169;2.97;478
2024/10/07 14:05;0.32;0.41;147;87;8.174;228.4;0.74;169;2.97;479
2024/10/07 14:05;0.32;0.41;147;87;8.174;228.4;0.74;169;2.97;480
2024/10/07 14:05;0.32;0.41;147;87;8.174;228.4;0.74;169;2.97;481
2024/10/07 14:05;0.32;0.41;147;87;8.174;228.4;0.74;169;2.97;482
2024/10/07 14:05;0.32;0.40;148;88;8.175;228.4;0.74;169;2.92;483
2024/10/07 14:05;0.32;0.40;148;88;8.175;228.4;0.74;169;2.92;484
2024/10/07 14:05;0.32;0.40;148;88;8.175;228.4;0.74;169;2.92;485
2024/10/07 14:05;0.32;0.40;148;88;8.175;228.4;0.74;169;2.92;486
2024/10/07 14:05;0.32;0.40;148;88;8.175;228.4;0.74;169;2.92;487
2024/10/07 14:05;0.32;0.38;144;87;8.175;228.3;0.72;165;2.90;488
2024/10/07 14:05;0.32;0.38;144;87;8.175;228.3;0.72;165;2.90;489
2024/10/07 14:05;0.32;0.38;144;87;8.175;228.3;0.72;165;2.90;490
2024/10/07 14:05;0.32;0.38;144;87;8.175;228.3;0.72;165;2.90;491
2024/10/07 14:05;0.32;0.38;144;87;8.175;228.3;0.72;165;2.90;492
2024/10/07 14:05;0.32;0.39;147;88;8.175;228.2;0.73;167;2.98;493
2024/10/07 14:05;0.32;0.39;147;88;8.175;228.2;0.73;167;2.98;494
2024/10/07 14:05;0.32;0.39;147;88;8.175;228.2;0.73;167;2.98;495
2024/10/07 14:05;0.32;0.39;147;88;8.175;228.2;0.73;167;2.98;496
2024/10/07 14:05;0.32;0.39;147;88;8.175;228.2;0.73;167;2.98;497
2024/10/07 14:05;0.33;0.39;148;88;8.175;228.4;0.74;169;3.16;498
2024/10/07 14:05;0.33;0.39;148;88;8.175;228.4;0.74;169;3.16;499
2024/10/07 14:05;0.33;0.39;148;88;8.175;228.4;0.74;169;3.16;500
2024/10/07 14:05;0.33;0.39;148;88;8.175;228.4;0.74;169;3.16;501
2024/10/07 14:05;0.33;0.39;148;88;8.175;228.4;0.74;169;3.16;502
2024/10/07 14:05;0.32;0.39;144;87;8.175;228.4;0.72;165;3.06;503
2024/10/07 14:05;0.32;0.39;144;87;8.175;228.4;0.72;165;3.06;504
2024/10/07 14:05;0.32;0.39;144;87;8.175;228.4;0.72;165;3.06;505
2024/10/07 14:05;0.32;0.39;144;87;8.175;228.4;0.72;165;3.06;506
2024/10/07 14:05;0.32;0.39;144;87;8.175;228.4;0.72;165;3.06;507
2024/10/07 14:05;0.32;0.40;151;88;8.176;228.4;0.75;171;3.01;508
2024/10/07 14:05;0.32;0.40;151;88;8.176;228.4;0.75;171;3.01;509
2024/10/07 14:05;0.32;0.40;151;88;8.176;228.4;0.75;171;3.01;510
2024/10/07 14:05;0.32;0.40;151;88;8.176;228.4;0.75;171;3.01;511
2024/10/07 14:05;0.32;0.40;151;88;8.176;228.4;0.75;171;3.01;512
2024/10/07 14:05;0.32;0.39;143;87;8.176;228.3;0.72;164;2.93;513
2024/10/07 14:05;0.32;0.39;143;87;8.176;228.3;0.72;164;2.93;514
2024/10/07 14:05;0.32;0.39;143;87;8.176;228.3;0.72;164;2.93;515
2024/10/07 14:05;0.32;0.39;143;87;8.176;228.3;0.72;164;2.93;516
2024/10/07 14:05;0.32;0.39;143;87;8.176;228.3;0.72;164;2.93;517
2024/10/07 14:05;0.32;0.38;142;87;8.176;228.2;0.72;164;3.22;518
2024/10/07 14:05;0.32;0.38;142;87;8.176;228.2;0.72;164;3.22;519
2024/10/07 14:05;0.32;0.38;142;87;8.176;228.2;0.72;164;3.22;520
2024/10/07 14:05;0.32;0.38;142;87;8.176;228.2;0.72;164;3.22;521
2024/10/07 14:05;0.32;0.38;142;87;8.176;228.2;0.72;164;3.22;522
2024/10/07 14:05;0.33;0.39;148;88;8.176;228.2;0.74;168;3.27;523
2024/10/07 14:06;0.33;0.39;148;88;8.176;228.2;0.74;168;3.27;524
2024/10/07 14:06;0.33;0.39;148;88;8.176;228.2;0.74;168;3.27;525
2024/10/07 14:06;0.33;0.39;148;88;8.176;228.2;0.74;168;3.27;526
2024/10/07 14:06;0.33;0.39;148;88;8.176;228.2;0.74;168;3.27;527
2024/10/07 14:06;0.31;0.40;148;88;8.176;228.3;0.74;169;2.96;528
2024/10/07 14:06;0.31;0.40;148;88;8.176;228.3;0.74;169;2.96;529
2024/10/07 14:06;0.31;0.40;148;88;8.176;228.3;0.74;169;2.96;530
2024/10/07 14:06;0.31;0.40;148;88;8.176;228.3;0.74;169;2.96;531
2024/10/07 14:06;0.31;0.40;148;88;8.176;228.3;0.74;169;2.96;532
2024/10/07 14:06;0.33;0.38;148;88;8.177;228.5;0.74;169;3.05;533
2024/10/07 14:06;0.33;0.38;148;88;8.177;228.5;0.74;169;3.05;534
2024/10/07 14:06;0.33;0.38;148;88;8.177;228.5;0.74;169;3.05;535
2024/10/07 14:06;0.33;0.38;148;88;8.177;228.5;0.74;169;3.05;536
2024/10/07 14:06;0.33;0.38;148;88;8.177;228.5;0.74;169;3.05;537
2024/10/07 14:06;0.32;0.39;146;87;8.177;228.5;0.73;167;2.98;538
2024/10/07 14:06;0.32;0.39;146;87;8.177;228.5;0.73;167;2.98;539
2024/10/07 14:06;0.32;0.39;146;87;8.177;228.5;0.73;167;2.98;540
2024/10/07 14:06;0.32;0.39;146;87;8.177;228.5;0.73;167;2.98;541
2024/10/07 14:06;0.32;0.39;146;87;8.177;228.5;0.73;167;2.98;542
2024/10/07 14:06;0.32;0.41;146;86;8.177;228.5;0.74;169;3.22;543
2024/10/07 14:06;0.32;0.41;146;86;8.177;228.5;0.74;169;3.22;544
2024/10/07 14:06;0.32;0.41;146;86;8.177;228.5;0.74;169;3.22;545
2024/10/07 14:06;0.32;0.41;146;86;8.177;228.5;0.74;169;3.22;546
2024/10/07 14:06;0.32;0.41;146;86;8.177;228.5;0.74;169;3.22;547
2024/10/07 14:06;0.32;0.38;141;87;8.177;229.2;0.71;163;3.16;548
2024/10/07 14:06;0.32;0.38;141;87;8.177;229.2;0.71;163;3.16;549
2024/10/07 14:06;0.32;0.38;141;87;8.177;229.2;0.71;163;3.16;550
2024/10/07 14:06;0.32;0.38;141;87;8.177;229.2;0.71;163;3.16;551
2024/10/07 14:06;0.32;0.38;141;87;8.177;229.2;0.71;163;3.16;552
2024/10/07 14:06;0.31;0.39;146;87;8.177;229.4;0.73;167;2.94;553
2024/10/07 14:06;0.31;0.39;146;87;8.177;229.4;0.73;167;2.94;554
2024/10/07 14:06;0.31;0.39;146;87;8.177;229.4;0.73;167;2.94;555
2024/10/07 14:06;0.31;0.39;146;87;8.177;229.4;0.73;167;2.94;556
2024/10/07 14:06;0.31;0.39;146;87;8.177;229.4;0.73;167;2.94;557
2024/10/07 14:06;0.33;0.41;149;87;8.178;229.1;0.75;172;3.15;558
2024/10/07 14:06;0.33;0.41;149;87;8.178;229.1;0.75;172;3.15;559
2024/10/07 14:06;0.33;0.41;149;87;8.178;229.1;0.75;172;3.15;560
2024/10/07 14:06;0.33;0.41;149;87;8.178;229.1;0.75;172;3.15;561
2024/10/07 14:06;0.33;0.41;149;87;8.178;229.1;0.75;172;3.15;562
2024/10/07 14:06;0.31;0.40;147;88;8.178;229.3;0.73;168;3.01;563
2024/10/07 14:06;0.31;0.40;147;88;8.178;229.3;0.73;168;3.01;564
2024/10/07 14:06;0.31;0.40;147;88;8.178;229.3;0.73;168;3.01;565
2024/10/07 14:06;0.31;0.40;147;88;8.178;229.3;0.73;168;3.01;566
2024/10/07 14:06;0.31;0.40;147;88;8.178;229.3;0.73;168;3.01;567
2024/10/07 14:06;0.32;0.38;139;86;8.178;229.1;0.70;161;3.17;568
2024/10/07 14:06;0.32;0.38;139;86;8.178;229.1;0.70;161;3.17;569
2024/10/07 14:06;0.32;0.38;139;86;8.178;229.1;0.70;161;3.17;570
2024/10/07 14:06;0.32;0.38;139;86;8.178;229.1;0.70;161;3.17;571
2024/10/07 14:06;0.32;0.38;139;86;8.178;229.1;0.70;161;3.17;572
2024/10/07 14:06;0.33;0.40;147;88;8.178;229.1;0.73;167;2.94;573
2024/10/07 14:06;0.33;0.40;147;88;8.178;229.1;0.73;167;2.94;574
2024/10/07 14:06;0.33;0.40;147;88;8.178;229.1;0.73;167;2.94;575
2024/10/07 14:06;0.33;0.40;147;88;8.178;229.1;0.73;167;2.94;576
2024/10/07 14:06;0.33;0.40;147;88;8.178;229.1;0.73;167;2.94;577
2024/10/07 14:06;0.32;0.40;150;88;8.179;229.2;0.74;170;3.21;578
2024/10/07 14:06;0.32;0.40;150;88;8.179;229.2;0.74;170;3.21;579
2024/10/07 14:06;0.32;0.40;150;88;8.179;229.2;0.74;170;3.21;580
2024/10/07 14:06;0.32;0.40;150;88;8.179;229.2;0.74;170;3.21;581
2024/10/07 14:06;0.32;0.40;150;88;8.179;229.2;0.74;170;3.21;582
2024/10/07 14:06;0.33;0.41;150;88;8.179;229.2;0.75;171;3.10;583
2024/10/07 14:07;0.33;0.41;150;88;8.179;229.2;0.75;171;3.10;584
2024/10/07 14:07;0.33;0.41;150;88;8.179;229.2;0.75;171;3.10;585
2024/10/07 14:07;0.33;0.41;150;88;8.179;229.2;0.75;171;3.10;586
2024/10/07 14:07;0.33;0.41;150;88;8.179;229.2;0.75;171;3.10;587
2024/10/07 14:07;0.32;0.39;149;88;8.179;229.4;0.74;169;2.88;588
2024/10/07 14:07;0.32;0.39;149;88;8.179;229.4;0.74;169;2.88;589
2024/10/07 14:07;0.32;0.39;149;88;8.179;229.4;0.74;169;2.88;590
2024/10/07 14:07;0.32;0.39;149;88;8.179;229.4;0.74;169;2.88;591
2024/10/07 14:07;0.32;0.39;149;88;8.179;229.4;0.74;169;2.88;592
2024/10/07 14:07;0.32;0.41;151;88;8.179;229.2;0.75;171;2.93;593
2024/10/07 14:07;0.32;0.41;151;88;8.179;229.2;0.75;171;2.93;594
2024/10/07 14:07;0.32;0.41;151;88;8.179;229.2;0.75;171;2.93;595
2024/10/07 14:07;0.32;0.41;151;88;8.179;229.2;0.75;171;2.93;596
2024/10/07 14:07;0.32;0.41;151;88;8.179;229.2;0.75;171;2.93;597
2024/10/07 14:07;0.32;0.40;147;88;8.179;229.3;0.73;167;3.07;598
2024/10/07 14:07;0.32;0.40;147;88;8.179;229.3;0.73;167;3.07;599
2024/10/07 14:07;0.32;0.40;147;88;8.179;229.3;0.73;167;3.07;600
2024/10/07 14:07;0.32;0.40;147;88;8.179;229.3;0.73;167;3.07;601
2024/10/07 14:07;0.32;0.40;147;88;8.179;229.3;0.73;167;3.07;602
2024/10/07 14:07;0.33;0.40;143;87;8.180;229.3;0.71;164;2.88;603
2024/10/07 14:07;0.33;0.40;143;87;8.180;229.3;0.71;164;2.88;604
2024/10/07 14:07;0.33;0.40;143;87;8.180;229.3;0.71;164;2.88;605
2024/10/07 14:07;0.33;0.40;143;87;8.180;229.3;0.71;164;2.88;606
2024/10/07 14:07;0.33;0.40;143;87;8.180;229.3;0.71;164;2.88;607
2024/10/07 14:07;0.32;0.43;155;88;8.180;229.4;0.77;176;2.93;608
2024/10/07 14:07;0.32;0.43;155;88;8.180;229.4;0.77;176;2.93;609
2024/10/07 14:07;0.32;0.43;155;88;8.180;229.4;0.77;176;2.93;610
2024/10/07 14:07;0.32;0.43;155;88;8.180;229.4;0.77;176;2.93;611
2024/10/07 14:07;0.32;0.39;149;88;8.180;229.3;0.74;169;3.04;612
2024/10/07 14:07;0.32;0.39;149;88;8.180;229.3;0.74;169;3.04;613
2024/10/07 14:07;0.32;0.39;149;88;8.180;229.3;0.74;169;3.04;614
2024/10/07 14:07;0.32;0.39;149;88;8.180;229.3;0.74;169;3.04;615
2024/10/07 14:07;0.32;0.39;149;88;8.180;229.3;0.74;169;3.04;616
2024/10/07 14:07;0.33;0.41;151;87;8.180;229.2;0.75;173;3.13;617
2024/10/07 14:07;0.33;0.41;151;87;8.180;229.2;0.75;173;3.13;618
2024/10/07 14:07;0.33;0.41;151;87;8.180;229.2;0.75;173;3.13;619
2024/10/07 14:07;0.33;0.41;151;87;8.180;229.2;0.75;173;3.13;620
2024/10/07 14:07;0.33;0.41;151;87;8.180;229.2;0.75;173;3.13;621
2024/10/07 14:07;0.32;0.41;149;88;8.180;229.2;0.74;170;3.01;622
2024/10/07 14:07;0.32;0.41;149;88;8.180;229.2;0.74;170;3.01;623
2024/10/07 14:07;0.32;0.41;149;88;8.180;229.2;0.74;170;3.01;624
2024/10/07 14:07;0.32;0.41;149;88;8.180;229.2;0.74;170;3.01;625
2024/10/07 14:07;0.32;0.41;149;88;8.180;229.2;0.74;170;3.01;626
2024/10/07 14:07;0.32;0.41;150;88;8.181;229.2;0.74;170;2.93;627
2024/10/07 14:07;0.32;0.41;150;88;8.181;229.2;0.74;170;2.93;628
2024/10/07 14:07;0.32;0.41;150;88;8.181;229.2;0.74;170;2.93;629
2024/10/07 14:07;0.32;0.41;150;88;8.181;229.2;0.74;170;2.93;630
2024/10/07 14:07;0.32;0.41;150;88;8.181;229.2;0.74;170;2.93;631
2024/10/07 14:07;0.33;0.40;149;88;8.181;229.2;0.74;169;2.87;632
2024/10/07 14:07;0.33;0.40;149;88;8.181;229.2;0.74;169;2.87;633
2024/10/07 14:07;0.33;0.40;149;88;8.181;229.2;0.74;169;2.87;634
2024/10/07 14:07;0.33;0.40;149;88;8.181;229.2;0.74;169;2.87;635
2024/10/07 14:07;0.33;0.40;149;88;8.181;229.2;0.74;169;2.87;636
2024/10/07 14:07;0.32;0.41;151;88;8.181;229.4;0.75;171;2.98;637
2024/10/07 14:07;0.32;0.41;151;88;8.181;229.4;0.75;171;2.98;638
2024/10/07 14:07;0.32;0.41;151;88;8.181;229.4;0.75;171;2.98;639
2024/10/07 14:07;0.32;0.41;151;88;8.181;229.4;0.75;171;2.98;640
2024/10/07 14:07;0.32;0.41;151;88;8.181;229.4;0.75;171;2.98;641
2024/10/07 14:07;0.33;0.40;149;88;8.181;229.4;0.74;170;3.00;642
2024/10/07 14:07;0.33;0.40;149;88;8.181;229.4;0.74;170;3.00;643
2024/10/07 14:08;0.33;0.40;149;88;8.181;229.4;0.74;170;3.00;644
2024/10/07 14:08;0.33;0.40;149;88;8.181;229.4;0.74;170;3.00;645
2024/10/07 14:08;0.33;0.40;149;88;8.181;229.4;0.74;170;3.00;646
2024/10/07 14:08;0.32;0.40;151;88;8.181;229.5;0.75;172;2.88;647
2024/10/07 14:08;0.32;0.40;151;88;8.181;229.5;0.75;172;2.88;648
2024/10/07 14:08;0.32;0.40;151;88;8.181;229.5;0.75;172;2.88;649
2024/10/07 14:08;0.32;0.40;151;88;8.181;229.5;0.75;172;2.88;650
2024/10/07 14:08;0.32;0.40;151;88;8.181;229.5;0.75;172;2.88;651
2024/10/07 14:08;0.32;0.40;149;88;8.182;229.4;0.74;169;2.90;652
2024/10/07 14:08;0.32;0.40;149;88;8.182;229.4;0.74;169;2.90;653
2024/10/07 14:08;0.32;0.40;149;88;8.182;229.4;0.74;169;2.90;654
2024/10/07 14:08;0.32;0.40;149;88;8.182;229.4;0.74;169;2.90;655
2024/10/07 14:08;0.32;0.40;149;88;8.182;229.4;0.74;169;2.90;656
2024/10/07 14:08;0.32;0.40;148;88;8.182;229.5;0.73;168;3.15;657
2024/10/07 14:08;0.32;0.40;148;88;8.182;229.5;0.73;168;3.15;658
2024/10/07 14:08;0.32;0.40;148;88;8.182;229.5;0.73;168;3.15;659
2024/10/07 14:08;0.32;0.40;148;88;8.182;229.5;0.73;168;3.15;660
2024/10/07 14:08;0.32;0.40;148;88;8.182;229.5;0.73;168;3.15;661
2024/10/07 14:08;0.32;0.39;147;88;8.182;229.6;0.73;168;3.07;662
2024/10/07 14:08;0.32;0.39;147;88;8.182;229.6;0.73;168;3.07;663
2024/10/07 14:08;0.32;0.39;147;88;8.182;229.6;0.73;168;3.07;664
2024/10/07 14:08;0.32;0.39;147;88;8.182;229.6;0.73;168;3.07;665
2024/10/07 14:08;0.32;0.39;147;88;8.182;229.6;0.73;168;3.07;666
2024/10/07 14:08;0.32;0.38;143;87;8.182;229.4;0.72;164;2.99;667
2024/10/07 14:08;0.32;0.38;143;87;8.182;229.4;0.72;164;2.99;668
2024/10/07 14:08;0.32;0.38;143;87;8.182;229.4;0.72;164;2.99;669
2024/10/07 14:08;0.32;0.38;143;87;8.182;229.4;0.72;164;2.99;670
2024/10/07 14:08;0.32;0.38;143;87;8.182;229.4;0.72;164;2.99;671
2024/10/07 14:08;0.33;0.43;156;88;8.182;229.4;0.77;177;2.94;672
2024/10/07 14:08;0.33;0.43;156;88;8.182;229.4;0.77;177;2.94;673
2024/10/07 14:08;0.33;0.43;156;88;8.182;229.4;0.77;177;2.94;674
2024/10/07 14:08;0.33;0.43;156;88;8.182;229.4;0.77;177;2.94;675
2024/10/07 14:08;0.33;0.43;156;88;8.182;229.4;0.77;177;2.94;676
2024/10/07 14:08;0.32;0.37;145;87;8.183;229.3;0.72;166;3.01;677
2024/10/07 14:08;0.32;0.37;145;87;8.183;229.3;0.72;166;3.01;678
2024/10/07 14:08;0.32;0.37;145;87;8.183;229.3;0.72;166;3.01;679
2024/10/07 14:08;0.32;0.37;145;87;8.183;229.3;0.72;166;3.01;680
2024/10/07 14:08;0.32;0.37;145;87;8.183;229.3;0.72;166;3.01;681
2024/10/07 14:08;0.32;0.40;149;88;8.183;229.4;0.74;169;2.88;682
2024/10/07 14:08;0.32;0.40;149;88;8.183;229.4;0.74;169;2.88;683
2024/10/07 14:08;0.32;0.40;149;88;8.183;229.4;0.74;169;2.88;684
2024/10/07 14:08;0.32;0.40;149;88;8.183;229.4;0.74;169;2.88;685
2024/10/07 14:08;0.32;0.40;149;88;8.183;229.4;0.74;169;2.88;686
2024/10/07 14:08;0.32;0.40;146;87;8.183;229.4;0.73;167;3.06;687
2024/10/07 14:08;0.32;0.40;146;87;8.183;229.4;0.73;167;3.06;688
2024/10/07 14:08;0.32;0.40;146;87;8.183;229.4;0.73;167;3.06;689
2024/10/07 14:08;0.32;0.40;146;87;8.183;229.4;0.73;167;3.06;690
2024/10/07 14:08;0.32;0.40;146;87;8.183;229.4;0.73;167;3.06;691
2024/10/07 14:08;0.32;0.38;142;87;8.183;229.3;0.71;164;3.24;692
2024/10/07 14:08;0.32;0.38;142;87;8.183;229.3;0.71;164;3.24;693
2024/10/07 14:08;0.32;0.38;142;87;8.183;229.3;0.71;164;3.24;694
2024/10/07 14:08;0.32;0.38;142;87;8.183;229.3;0.71;164;3.24;695
2024/10/07 14:08;0.32;0.38;142;87;8.183;229.3;0.71;164;3.24;696
2024/10/07 14:08;0.32;0.39;148;88;8.183;229.4;0.73;168;2.87;697
2024/10/07 14:08;0.32;0.39;148;88;8.183;229.4;0.73;168;2.87;698
2024/10/07 14:08;0.32;0.39;148;88;8.183;229.4;0.73;168;2.87;699
2024/10/07 14:08;0.32;0.39;148;88;8.183;229.4;0.73;168;2.87;700
2024/10/07 14:08;0.32;0.39;148;88;8.183;229.4;0.73;168;2.87;701
2024/10/07 14:08;0.32;0.40;149;88;8.184;229.3;0.74;170;3.06;702
2024/10/07 14:09;0.32;0.40;149;88;8.184;229.3;0.74;170;3.06;703
2024/10/07 14:09;0.32;0.40;149;88;8.184;229.3;0.74;170;3.06;704
2024/10/07 14:09;0.32;0.40;149;88;8.184;229.3;0.74;170;3.06;705
2024/10/07 14:09;0.32;0.40;149;88;8.184;229.3;0.74;170;3.06;706
2024/10/07 14:09;0.32;0.39;147;88;8.184;229.3;0.73;168;3.02;707
2024/10/07 14:09;0.32;0.39;147;88;8.184;229.3;0.73;168;3.02;708
2024/10/07 14:09;0.32;0.39;147;88;8.184;229.3;0.73;168;3.02;709
2024/10/07 14:09;0.32;0.39;147;88;8.184;229.3;0.73;168;3.02;710
2024/10/07 14:09;0.32;0.39;147;88;8.184;229.3;0.73;168;3.02;711
2024/10/07 14:09;0.32;0.40;149;88;8.184;229.2;0.74;170;2.96;712
2024/10/07 14:09;0.32;0.40;149;88;8.184;229.2;0.74;170;2.96;713
2024/10/07 14:09;0.32;0.40;149;88;8.184;229.2;0.74;170;2.96;714
2024/10/07 14:09;0.32;0.40;149;88;8.184;229.2;0.74;170;2.96;715
2024/10/07 14:09;0.32;0.40;149;88;8.184;229.2;0.74;170;2.96;716
2024/10/07 14:09;0.32;0.42;149;88;8.184;229.2;0.74;170;3.07;717
2024/10/07 14:09;0.32;0.42;149;88;8.184;229.2;0.74;170;3.07;718
2024/10/07 14:09;0.32;0.42;149;88;8.184;229.2;0.74;170;3.07;719
2024/10/07 14:09;0.32;0.42;149;88;8.184;229.2;0.74;170;3.07;720
2024/10/07 14:09;0.32;0.42;149;88;8.184;229.2;0.74;170;3.07;721
2024/10/07 14:09;0.32;0.43;153;87;8.185;229.1;0.77;176;3.01;722
2024/10/07 14:09;0.32;0.43;153;87;8.185;229.1;0.77;176;3.01;723
2024/10/07 14:09;0.32;0.43;153;87;8.185;229.1;0.77;176;3.01;724
2024/10/07 14:09;0.32;0.43;153;87;8.185;229.1;0.77;176;3.01;725
2024/10/07 14:09;0.32;0.43;153;87;8.185;229.1;0.77;176;3.01;726
2024/10/07 14:09;0.32;0.43;153;87;8.185;228.8;0.77;176;2.93;727
2024/10/07 14:09;0.32;0.43;153;87;8.185;228.8;0.77;176;2.93;728
2024/10/07 14:09;0.32;0.43;153;87;8.185;228.8;0.77;176;2.93;729
2024/10/07 14:09;0.32;0.43;153;87;8.185;228.8;0.77;176;2.93;730
2024/10/07 14:09;0.32;0.43;153;87;8.185;228.8;0.77;176;2.93;731
2024/10/07 14:09;0.33;0.39;145;87;8.185;228.8;0.73;166;2.97;732
2024/10/07 14:09;0.33;0.39;145;87;8.185;228.8;0.73;166;2.97;733
2024/10/07 14:09;0.33;0.39;145;87;8.185;228.8;0.73;166;2.97;734
2024/10/07 14:09;0.33;0.39;145;87;8.185;228.8;0.73;166;2.97;735
2024/10/07 14:09;0.33;0.39;145;87;8.185;228.8;0.73;166;2.97;736
2024/10/07 14:09;0.32;0.44;155;88;8.185;228.8;0.77;177;3.34;737
2024/10/07 14:09;0.32;0.44;155;88;8.185;228.8;0.77;177;3.34;738
2024/10/07 14:09;0.32;0.44;155;88;8.185;228.8;0.77;177;3.34;739
2024/10/07 14:09;0.32;0.44;155;88;8.185;228.8;0.77;177;3.34;740
2024/10/07 14:09;0.32;0.44;155;88;8.185;228.8;0.77;177;3.34;741
2024/10/07 14:09;0.32;0.41;149;88;8.185;228.7;0.74;170;2.97;742
2024/10/07 14:09;0.32;0.41;149;88;8.185;228.7;0.74;170;2.97;743
2024/10/07 14:09;0.32;0.41;149;88;8.185;228.7;0.74;170;2.97;744
2024/10/07 14:09;0.32;0.41;149;88;8.185;228.7;0.74;170;2.97;745
2024/10/07 14:09;0.32;0.41;149;88;8.185;228.7;0.74;170;2.97;746
2024/10/07 14:09;0.32;0.39;148;88;8.186;229.0;0.74;169;2.96;747
2024/10/07 14:09;0.32;0.39;148;88;8.186;229.0;0.74;169;2.96;748
2024/10/07 14:09;0.32;0.39;148;88;8.186;229.0;0.74;169;2.96;749
2024/10/07 14:09;0.32;0.39;148;88;8.186;229.0;0.74;169;2.96;750
2024/10/07 14:09;0.32;0.39;148;88;8.186;229.0;0.74;169;2.96;751
2024/10/07 14:09;0.32;0.38;144;87;8.186;228.9;0.72;165;3.05;752
2024/10/07 14:09;0.32;0.38;144;87;8.186;228.9;0.72;165;3.05;753
2024/10/07 14:09;0.32;0.38;144;87;8.186;228.9;0.72;165;3.05;754
2024/10/07 14:09;0.32;0.38;144;87;8.186;228.9;0.72;165;3.05;755
2024/10/07 14:09;0.32;0.38;144;87;8.186;228.9;0.72;165;3.05;756
2024/10/07 14:09;0.32;0.41;149;88;8.186;228.8;0.74;170;3.04;757
2024/10/07 14:09;0.32;0.41;149;88;8.186;228.8;0.74;170;3.04;758
2024/10/07 14:09;0.32;0.41;149;88;8.186;228.8;0.74;170;3.04;759
2024/10/07 14:09;0.32;0.41;149;88;8.186;228.8;0.74;170;3.04;760
2024/10/07 14:09;0.32;0.41;149;88;8.186;228.8;0.74;170;3.04;761
2024/10/07 14:09;0.33;0.41;151;88;8.186;228.8;0.75;172;3.05;762
2024/10/07 14:10;0.33;0.41;151;88;8.186;228.8;0.75;172;3.05;763
2024/10/07 14:10;0.33;0.41;151;88;8.186;228.8;0.75;172;3.05;764
2024/10/07 14:10;0.33;0.41;151;88;8.186;228.8;0.75;172;3.05;765
2024/10/07 14:10;0.33;0.41;151;88;8.186;228.8;0.75;172;3.05;766
2024/10/07 14:10;0.33;0.41;151;88;8.186;228.8;0.75;172;3.05;767
2024/10/07 14:10;0.33;0.41;151;88;8.186;228.8;0.75;172;3.05;768
2024/10/07 14:10;0.33;0.41;151;88;8.186;228.8;0.75;172;3.05;769
2024/10/07 14:10;0.33;0.41;151;88;8.186;228.8;0.75;172;3.05;770
2024/10/07 14:10;0.33;0.41;151;88;8.186;228.8;0.75;172;3.05;771
2024/10/07 14:10;0.32;0.42;153;88;8.187;228.9;0.76;174;3.07;772
2024/10/07 14:10;0.32;0.42;153;88;8.187;228.9;0.76;174;3.07;773
2024/10/07 14:10;0.32;0.42;153;88;8.187;228.9;0.76;174;3.07;774
2024/10/07 14:10;0.32;0.42;153;88;8.187;228.9;0.76;174;3.07;775
2024/10/07 14:10;0.32;0.42;153;88;8.187;228.9;0.76;174;3.07;776
2024/10/07 14:10;0.32;0.42;153;88;8.187;228.9;0.76;174;3.07;777
2024/10/07 14:10;0.32;0.42;153;88;8.187;228.9;0.76;174;3.07;778
2024/10/07 14:10;0.32;0.42;153;88;8.187;228.9;0.76;174;3.07;779
2024/10/07 14:10;0.32;0.42;153;88;8.187;228.9;0.76;174;3.07;780
2024/10/07 14:10;0.33;0.39;147;88;8.187;229.0;0.73;168;3.13;781
2024/10/07 14:10;0.33;0.39;147;88;8.187;229.0;0.73;168;3.13;782
2024/10/07 14:10;0.33;0.39;147;88;8.187;229.0;0.73;168;3.13;783
2024/10/07 14:10;0.33;0.39;147;88;8.187;229.0;0.73;168;3.13;784
2024/10/07 14:10;0.33;0.39;147;88;8.187;229.0;0.73;168;3.13;785
2024/10/07 14:10;0.32;0.40;151;88;8.187;229.1;0.75;171;2.99;786
2024/10/07 14:10;0.32;0.40;151;88;8.187;229.1;0.75;171;2.99;787
2024/10/07 14:10;0.32;0.40;151;88;8.187;229.1;0.75;171;2.99;788
2024/10/07 14:10;0.32;0.40;151;88;8.187;229.1;0.75;171;2.99;789
2024/10/07 14:10;0.32;0.40;151;88;8.187;229.1;0.75;171;2.99;790
2024/10/07 14:10;0.32;0.41;151;88;8.187;229.0;0.75;171;2.99;791
2024/10/07 14:10;0.32;0.41;151;88;8.187;229.0;0.75;171;2.99;792
2024/10/07 14:10;0.32;0.41;151;88;8.187;229.0;0.75;171;2.99;793
2024/10/07 14:10;0.32;0.41;151;88;8.187;229.0;0.75;171;2.99;794
2024/10/07 14:10;0.32;0.41;151;88;8.187;229.0;0.75;171;2.99;795
2024/10/07 14:10;0.33;0.37;137;86;8.188;229.2;0.70;160;3.48;796
2024/10/07 14:10;0.33;0.37;137;86;8.188;229.2;0.70;160;3.48;797
2024/10/07 14:10;0.33;0.37;137;86;8.188;229.2;0.70;160;3.48;798
2024/10/07 14:10;0.33;0.37;137;86;8.188;229.2;0.70;160;3.48;799
2024/10/07 14:10;0.33;0.37;137;86;8.188;229.2;0.70;160;3.48;800
2024/10/07 14:10;0.32;0.41;150;87;8.188;229.2;0.75;172;3.03;801
2024/10/07 14:10;0.32;0.41;150;87;8.188;229.2;0.75;172;3.03;802
2024/10/07 14:10;0.32;0.41;150;87;8.188;229.2;0.75;172;3.03;803
2024/10/07 14:10;0.32;0.41;150;87;8.188;229.2;0.75;172;3.03;804
2024/10/07 14:10;0.32;0.41;150;87;8.188;229.2;0.75;172;3.03;805
2024/10/07 14:10;0.33;0.41;154;89;8.188;229.2;0.76;174;2.90;806
2024/10/07 14:10;0.33;0.41;154;89;8.188;229.2;0.76;174;2.90;807
2024/10/07 14:10;0.33;0.41;154;89;8.188;229.2;0.76;174;2.90;808
2024/10/07 14:10;0.33;0.41;154;89;8.188;229.2;0.76;174;2.90;809
2024/10/07 14:10;0.33;0.41;154;89;8.188;229.2;0.76;174;2.90;810
2024/10/07 14:10;0.32;0.42;153;88;8.188;229.2;0.75;173;2.96;811
2024/10/07 14:10;0.32;0.42;153;88;8.188;229.2;0.75;173;2.96;812
2024/10/07 14:10;0.32;0.42;153;88;8.188;229.2;0.75;173;2.96;813
2024/10/07 14:10;0.32;0.42;153;88;8.188;229.2;0.75;173;2.96;814
2024/10/07 14:10;0.32;0.42;153;88;8.188;229.2;0.75;173;2.96;815
2024/10/07 14:10;0.33;0.41;153;88;8.188;229.2;0.76;174;3.11;816
2024/10/07 14:10;0.33;0.41;153;88;8.188;229.2;0.76;174;3.11;817
2024/10/07 14:10;0.33;0.41;153;88;8.188;229.2;0.76;174;3.11;818
2024/10/07 14:10;0.33;0.41;153;88;8.188;229.2;0.76;174;3.11;819
2024/10/07 14:10;0.33;0.41;153;88;8.188;229.2;0.76;174;3.11;820
2024/10/07 14:10;0.32;0.38;141;87;8.189;229.2;0.71;163;3.00;821
2024/10/07 14:11;0.32;0.38;141;87;8.189;229.2;0.71;163;3.00;822
2024/10/07 14:11;0.32;0.38;141;87;8.189;229.2;0.71;163;3.00;823
2024/10/07 14:11;0.32;0.38;141;87;8.189;229.2;0.71;163;3.00;824
2024/10/07 14:11;0.32;0.38;141;87;8.189;229.2;0.71;163;3.00;825
2024/10/07 14:11;0.32;0.38;140;86;8.189;229.2;0.71;162;3.43;826
2024/10/07 14:11;0.32;0.38;140;86;8.189;229.2;0.71;162;3.43;827
2024/10/07 14:11;0.32;0.38;140;86;8.189;229.2;0.71;162;3.43;828
2024/10/07 14:11;0.32;0.38;140;86;8.189;229.2;0.71;162;3.43;829
2024/10/07 14:11;0.32;0.38;140;86;8.189;229.2;0.71;162;3.43;830
2024/10/07 14:11;0.32;0.41;154;88;8.189;229.1;0.76;175;3.17;831
2024/10/07 14:11;0.32;0.41;154;88;8.189;229.1;0.76;175;3.17;832
2024/10/07 14:11;0.32;0.41;154;88;8.189;229.1;0.76;175;3.17;833
2024/10/07 14:11;0.32;0.41;154;88;8.189;229.1;0.76;175;3.17;834
2024/10/07 14:11;0.32;0.41;154;88;8.189;229.1;0.76;175;3.17;835
2024/10/07 14:11;0.32;0.38;143;87;8.189;229.2;0.72;165;3.12;836
2024/10/07 14:11;0.32;0.38;143;87;8.189;229.2;0.72;165;3.12;837
2024/10/07 14:11;0.32;0.38;143;87;8.189;229.2;0.72;165;3.12;838
2024/10/07 14:11;0.32;0.38;143;87;8.189;229.2;0.72;165;3.12;839
2024/10/07 14:11;0.32;0.38;143;87;8.189;229.2;0.72;165;3.12;840
2024/10/07 14:11;0.32;0.40;144;86;8.189;229.1;0.73;167;3.21;841
2024/10/07 14:11;0.32;0.40;144;86;8.189;229.1;0.73;167;3.21;842
2024/10/07 14:11;0.32;0.40;144;86;8.189;229.1;0.73;167;3.21;843
2024/10/07 14:11;0.32;0.40;144;86;8.189;229.1;0.73;167;3.21;844
2024/10/07 14:11;0.32;0.40;144;86;8.189;229.1;0.73;167;3.21;845
2024/10/07 14:11;0.32;0.41;151;88;8.190;229.2;0.75;171;3.05;846
2024/10/07 14:11;0.32;0.41;151;88;8.190;229.2;0.75;171;3.05;847
2024/10/07 14:11;0.32;0.41;151;88;8.190;229.2;0.75;171;3.05;848
2024/10/07 14:11;0.32;0.41;151;88;8.190;229.2;0.75;171;3.05;849
2024/10/07 14:11;0.32;0.41;151;88;8.190;229.2;0.75;171;3.05;850
2024/10/07 14:11;0.32;0.41;153;88;8.190;229.1;0.76;174;3.19;851
2024/10/07 14:11;0.32;0.41;153;88;8.190;229.1;0.76;174;3.19;852
2024/10/07 14:11;0.32;0.41;153;88;8.190;229.1;0.76;174;3.19;853
2024/10/07 14:11;0.32;0.41;153;88;8.190;229.1;0.76;174;3.19;854
2024/10/07 14:11;0.32;0.41;153;88;8.190;229.1;0.76;174;3.19;855
2024/10/07 14:11;0.33;0.41;154;89;8.190;229.2;0.76;174;2.97;856
2024/10/07 14:11;0.33;0.41;154;89;8.190;229.2;0.76;174;2.97;857
2024/10/07 14:11;0.33;0.41;154;89;8.190;229.2;0.76;174;2.97;858
2024/10/07 14:11;0.33;0.41;154;89;8.190;229.2;0.76;174;2.97;859
2024/10/07 14:11;0.33;0.41;154;89;8.190;229.2;0.76;174;2.97;860
2024/10/07 14:11;0.33;0.41;153;88;8.190;229.1;0.75;173;3.01;861
2024/10/07 14:11;0.33;0.41;153;88;8.190;229.1;0.75;173;3.01;862
2024/10/07 14:11;0.33;0.41;153;88;8.190;229.1;0.75;173;3.01;863
2024/10/07 14:11;0.33;0.41;153;88;8.190;229.1;0.75;173;3.01;864
2024/10/07 14:11;0.33;0.41;153;88;8.190;229.1;0.75;173;3.01;865
2024/10/07 14:11;0.32;0.42;151;87;8.191;229.0;0.75;173;3.13;866
2024/10/07 14:11;0.32;0.42;151;87;8.191;229.0;0.75;173;3.13;867
2024/10/07 14:11;0.32;0.42;151;87;8.191;229.0;0.75;173;3.13;868
2024/10/07 14:11;0.32;0.42;151;87;8.191;229.0;0.75;173;3.13;869
2024/10/07 14:11;0.32;0.42;151;87;8.191;229.0;0.75;173;3.13;870
2024/10/07 14:11;0.32;0.42;152;88;8.191;229.0;0.75;173;2.90;871
2024/10/07 14:11;0.32;0.42;152;88;8.191;229.0;0.75;173;2.90;872
2024/10/07 14:11;0.32;0.42;152;88;8.191;229.0;0.75;173;2.90;873
2024/10/07 14:11;0.32;0.42;152;88;8.191;229.0;0.75;173;2.90;874
2024/10/07 14:11;0.32;0.42;152;88;8.191;229.0;0.75;173;2.90;875
2024/10/07 14:11;0.32;0.40;150;88;8.191;229.0;0.74;170;2.97;876
2024/10/07 14:11;0.32;0.40;150;88;8.191;229.0;0.74;170;2.97;877
2024/10/07 14:11;0.32;0.40;150;88;8.191;229.0;0.74;170;2.97;878
2024/10/07 14:11;0.32;0.40;150;88;8.191;229.0;0.74;170;2.97;879
2024/10/07 14:11;0.32;0.40;150;88;8.191;229.0;0.74;170;2.97;880
2024/10/07 14:11;0.33;0.41;152;88;8.191;229.0;0.75;172;2.95;881
2024/10/07 14:12;0.33;0.41;152;88;8.191;229.0;0.75;172;2.95;882
2024/10/07 14:12;0.33;0.41;152;88;8.191;229.0;0.75;172;2.95;883
2024/10/07 14:12;0.33;0.41;152;88;8.191;229.0;0.75;172;2.95;884
2024/10/07 14:12;0.33;0.41;152;88;8.191;229.0;0.75;172;2.95;885
2024/10/07 14:12;0.33;0.40;152;88;8.191;228.9;0.75;172;3.13;886
2024/10/07 14:12;0.33;0.40;152;88;8.191;228.9;0.75;172;3.13;887
2024/10/07 14:12;0.33;0.40;152;88;8.191;228.9;0.75;172;3.13;888
2024/10/07 14:12;0.33;0.40;152;88;8.191;228.9;0.75;172;3.13;889
2024/10/07 14:12;0.33;0.40;152;88;8.191;228.9;0.75;172;3.13;890
2024/10/07 14:12;0.33;0.37;141;87;8.192;228.9;0.71;163;3.21;891
2024/10/07 14:12;0.33;0.37;141;87;8.192;228.9;0.71;163;3.21;892
2024/10/07 14:12;0.33;0.37;141;87;8.192;228.9;0.71;163;3.21;893
2024/10/07 14:12;0.33;0.37;141;87;8.192;228.9;0.71;163;3.21;894
2024/10/07 14:12;0.33;0.37;141;87;8.192;228.9;0.71;163;3.21;895
2024/10/07 14:12;0.33;0.40;152;88;8.192;228.9;0.75;172;2.83;896
2024/10/07 14:12;0.33;0.40;152;88;8.192;228.9;0.75;172;2.83;897
2024/10/07 14:12;0.33;0.40;152;88;8.192;228.9;0.75;172;2.83;898
2024/10/07 14:12;0.33;0.40;152;88;8.192;228.9;0.75;172;2.83;899
2024/10/07 14:12;0.33;0.40;152;88;8.192;228.9;0.75;172;2.83;900
2024/10/07 14:12;0.32;0.40;149;88;8.192;229.0;0.74;169;2.98;901
2024/10/07 14:12;0.32;0.40;149;88;8.192;229.0;0.74;169;2.98;902
2024/10/07 14:12;0.32;0.40;149;88;8.192;229.0;0.74;169;2.98;903
2024/10/07 14:12;0.32;0.40;149;88;8.192;229.0;0.74;169;2.98;904
2024/10/07 14:12;0.32;0.40;149;88;8.192;229.0;0.74;169;2.98;905
2024/10/07 14:12;0.32;0.40;148;88;8.192;229.0;0.74;169;3.12;906
2024/10/07 14:12;0.32;0.40;148;88;8.192;229.0;0.74;169;3.12;907
2024/10/07 14:12;0.32;0.40;148;88;8.192;229.0;0.74;169;3.12;908
2024/10/07 14:12;0.32;0.40;148;88;8.192;229.0;0.74;169;3.12;909
2024/10/07 14:12;0.32;0.40;148;88;8.192;229.0;0.74;169;3.12;910
2024/10/07 14:12;0.32;0.40;150;88;8.192;228.9;0.74;170;2.94;911
2024/10/07 14:12;0.32;0.40;150;88;8.192;228.9;0.74;170;2.94;912
2024/10/07 14:12;0.32;0.40;150;88;8.192;228.9;0.74;170;2.94;913
2024/10/07 14:12;0.32;0.40;150;88;8.192;228.9;0.74;170;2.94;914
2024/10/07 14:12;0.32;0.40;150;88;8.192;228.9;0.74;170;2.94;915
2024/10/07 14:12;0.32;0.41;151;88;8.193;228.9;0.75;171;3.05;916
2024/10/07 14:12;0.32;0.41;151;88;8.193;228.9;0.75;171;3.05;917
2024/10/07 14:12;0.32;0.41;151;88;8.193;228.9;0.75;171;3.05;918
2024/10/07 14:12;0.32;0.41;151;88;8.193;228.9;0.75;171;3.05;919
2024/10/07 14:12;0.32;0.42;154;89;8.193;228.9;0.76;174;3.05;920
2024/10/07 14:12;0.32;0.42;154;89;8.193;228.9;0.76;174;3.05;921
2024/10/07 14:12;0.32;0.42;154;89;8.193;228.9;0.76;174;3.05;922
2024/10/07 14:12;0.32;0.42;154;89;8.193;228.9;0.76;174;3.05;923
2024/10/07 14:12;0.32;0.42;154;89;8.193;228.9;0.76;174;3.05;924
2024/10/07 14:12;0.32;0.42;154;89;8.193;228.9;0.76;174;3.05;925
2024/10/07 14:12;0.32;0.41;153;89;8.193;228.9;0.75;172;2.88;926
2024/10/07 14:12;0.32;0.41;153;89;8.193;228.9;0.75;172;2.88;927
2024/10/07 14:12;0.32;0.41;153;89;8.193;228.9;0.75;172;2.88;928
2024/10/07 14:12;0.32;0.41;153;89;8.193;228.9;0.75;172;2.88;929
2024/10/07 14:12;0.32;0.41;153;89;8.193;228.9;0.75;172;2.88;930
2024/10/07 14:12;0.32;0.38;144;87;8.193;229.1;0.72;166;3.07;931
2024/10/07 14:12;0.32;0.38;144;87;8.193;229.1;0.72;166;3.07;932
2024/10/07 14:12;0.32;0.38;144;87;8.193;229.1;0.72;166;3.07;933
2024/10/07 14:12;0.32;0.38;144;87;8.193;229.1;0.72;166;3.07;934
2024/10/07 14:12;0.32;0.38;144;87;8.193;229.1;0.72;166;3.07;935
2024/10/07 14:12;0.32;0.42;153;88;8.193;229.1;0.76;174;3.02;936
2024/10/07 14:12;0.32;0.42;153;88;8.193;229.1;0.76;174;3.02;937
2024/10/07 14:12;0.32;0.42;153;88;8.193;229.1;0.76;174;3.02;938
2024/10/07 14:12;0.32;0.42;153;88;8.193;229.1;0.76;174;3.02;939
2024/10/07 14:12;0.32;0.42;153;88;8.193;229.1;0.76;174;3.02;940
2024/10/07 14:13;0.32;0.41;152;88;8.194;229.0;0.75;172;2.91;941
2024/10/07 14:13;0.32;0.41;152;88;8.194;229.0;0.75;172;2.91;942
2024/10/07 14:13;0.32;0.41;152;88;8.194;229.0;0.75;172;2.91;943
2024/10/07 14:13;0.32;0.41;152;88;8.194;229.0;0.75;172;2.91;944
2024/10/07 14:13;0.32;0.41;152;88;8.194;229.0;0.75;172;2.91;945
2024/10/07 14:13;0.34;0.40;154;89;8.194;228.9;0.76;174;2.94;946
2024/10/07 14:13;0.34;0.40;154;89;8.194;228.9;0.76;174;2.94;947
2024/10/07 14:13;0.34;0.40;154;89;8.194;228.9;0.76;174;2.94;948
2024/10/07 14:13;0.34;0.40;154;89;8.194;228.9;0.76;174;2.94;949
2024/10/07 14:13;0.34;0.40;154;89;8.194;228.9;0.76;174;2.94;950
2024/10/07 14:13;0.20;0.43;120;81;8.194;229.1;0.64;148;3.27;951
2024/10/07 14:13;0.20;0.43;120;81;8.194;229.1;0.64;148;3.27;952
2024/10/07 14:13;0.20;0.43;120;81;8.194;229.1;0.64;148;3.27;953
2024/10/07 14:13;0.20;0.43;120;81;8.194;229.1;0.64;148;3.27;954
2024/10/07 14:13;0.20;0.43;120;81;8.194;229.1;0.64;148;3.27;955
2024/10/07 14:13;0.20;0.43;120;81;8.194;229.1;0.64;148;3.27;956
2024/10/07 14:13;0.20;0.43;120;81;8.194;229.1;0.64;148;3.27;957
2024/10/07 14:13;0.20;0.43;120;81;8.194;229.1;0.64;148;3.27;958
2024/10/07 14:13;0.20;0.43;120;81;8.194;229.1;0.64;148;3.27;959
2024/10/07 14:13;0.20;0.43;120;81;8.194;229.1;0.64;148;3.27;960
2024/10/07 14:13;0.20;0.43;120;81;8.194;229.1;0.64;148;3.27;961
2024/10/07 14:13;0.20;0.43;120;81;8.194;229.1;0.64;148;3.27;962
2024/10/07 14:13;0.20;0.43;120;81;8.194;229.1;0.64;148;3.27;963
2024/10/07 14:13;0.20;0.43;120;81;8.194;229.1;0.64;148;3.27;964
2024/10/07 14:13;0.20;0.40;119;83;8.195;229.2;0.62;143;3.20;965
2024/10/07 14:13;0.20;0.40;119;83;8.195;229.2;0.62;143;3.20;966
2024/10/07 14:13;0.20;0.40;119;83;8.195;229.2;0.62;143;3.20;967
2024/10/07 14:13;0.20;0.40;119;83;8.195;229.2;0.62;143;3.20;968
2024/10/07 14:13;0.20;0.40;119;83;8.195;229.2;0.62;143;3.20;969
2024/10/07 14:13;0.20;0.40;120;83;8.195;229.3;0.63;144;3.18;970
2024/10/07 14:13;0.20;0.40;120;83;8.195;229.3;0.63;144;3.18;971
2024/10/07 14:13;0.20;0.40;120;83;8.195;229.3;0.63;144;3.18;972
2024/10/07 14:13;0.20;0.40;120;83;8.195;229.3;0.63;144;3.18;973
2024/10/07 14:13;0.20;0.40;120;83;8.195;229.3;0.63;144;3.18;974
2024/10/07 14:13;0.20;0.42;122;84;8.195;229.2;0.63;145;3.07;975
2024/10/07 14:13;0.20;0.42;122;84;8.195;229.2;0.63;145;3.07;976
2024/10/07 14:13;0.20;0.42;122;84;8.195;229.2;0.63;145;3.07;977
2024/10/07 14:13;0.20;0.42;122;84;8.195;229.2;0.63;145;3.07;978
2024/10/07 14:13;0.20;0.42;122;84;8.195;229.2;0.63;145;3.07;979
2024/10/07 14:13;0.20;0.39;115;82;8.195;229.3;0.61;141;3.34;980
2024/10/07 14:13;0.20;0.39;115;82;8.195;229.3;0.61;141;3.34;981
2024/10/07 14:13;0.20;0.39;115;82;8.195;229.3;0.61;141;3.34;982
2024/10/07 14:13;0.20;0.39;115;82;8.195;229.3;0.61;141;3.34;983
2024/10/07 14:13;0.20;0.39;115;82;8.195;229.3;0.61;141;3.34;984
2024/10/07 14:13;0.20;0.41;116;82;8.195;229.2;0.62;141;3.23;985
2024/10/07 14:13;0.20;0.41;116;82;8.195;229.2;0.62;141;3.23;986
2024/10/07 14:13;0.20;0.41;116;82;8.195;229.2;0.62;141;3.23;987
2024/10/07 14:13;0.20;0.41;116;82;8.195;229.2;0.62;141;3.23;988
2024/10/07 14:13;0.20;0.41;116;82;8.195;229.2;0.62;141;3.23;989
2024/10/07 14:13;0.22;0.37;114;81;8.195;229.2;0.61;140;3.39;990
2024/10/07 14:13;0.22;0.37;114;81;8.195;229.2;0.61;140;3.39;991
2024/10/07 14:13;0.22;0.37;114;81;8.195;229.2;0.61;140;3.39;992
2024/10/07 14:13;0.22;0.37;114;81;8.195;229.2;0.61;140;3.39;993
2024/10/07 14:13;0.22;0.37;114;81;8.195;229.2;0.61;140;3.39;994
2024/10/07 14:13;0.21;0.40;120;83;8.196;229.3;0.63;144;3.12;995
2024/10/07 14:13;0.21;0.40;120;83;8.196;229.3;0.63;144;3.12;996
2024/10/07 14:13;0.21;0.40;120;83;8.196;229.3;0.63;144;3.12;997
2024/10/07 14:13;0.21;0.40;120;83;8.196;229.3;0.63;144;3.12;998
2024/10/07 14:13;0.21;0.40;120;83;8.196;229.3;0.63;144;3.12;999
2024/10/07 14:13;0.20;0.42;118;82;8.196;229.4;0.63;144;3.31;1000
2024/10/07 14:14;0.20;0.42;118;82;8.196;229.4;0.63;144;3.31;1001
2024/10/07 14:14;0.20;0.42;118;82;8.196;229.4;0.63;144;3.31;1002
2024/10/07 14:14;0.20;0.42;118;82;8.196;229.4;0.63;144;3.31;1003
2024/10/07 14:14;0.20;0.42;118;82;8.196;229.4;0.63;144;3.31;1004
2024/10/07 14:14;0.20;0.41;118;83;8.196;229.3;0.62;143;3.38;1005
2024/10/07 14:14;0.20;0.41;118;83;8.196;229.3;0.62;143;3.38;1006
2024/10/07 14:14;0.20;0.41;118;83;8.196;229.3;0.62;143;3.38;1007
2024/10/07 14:14;0.20;0.41;118;83;8.196;229.3;0.62;143;3.38;1008
2024/10/07 14:14;0.20;0.41;118;83;8.196;229.3;0.62;143;3.38;1009
2024/10/07 14:14;0.20;0.41;116;82;8.196;229.1;0.62;142;3.52;1010
2024/10/07 14:14;0.20;0.41;116;82;8.196;229.1;0.62;142;3.52;1011
2024/10/07 14:14;0.20;0.41;116;82;8.196;229.1;0.62;142;3.52;1012
2024/10/07 14:14;0.20;0.41;116;82;8.196;229.1;0.62;142;3.52;1013
2024/10/07 14:14;0.20;0.41;116;82;8.196;229.1;0.62;142;3.52;1014
2024/10/07 14:14;0.19;0.43;122;84;8.196;229.1;0.64;146;3.16;1015
2024/10/07 14:14;0.19;0.43;122;84;8.196;229.1;0.64;146;3.16;1016
2024/10/07 14:14;0.19;0.43;122;84;8.196;229.1;0.64;146;3.16;1017
2024/10/07 14:14;0.19;0.43;122;84;8.196;229.1;0.64;146;3.16;1018
2024/10/07 14:14;0.19;0.43;122;84;8.196;229.1;0.64;146;3.16;1019
2024/10/07 14:14;0.19;0.41;119;83;8.196;229.0;0.62;143;3.08;1020
2024/10/07 14:14;0.19;0.41;119;83;8.196;229.0;0.62;143;3.08;1021
2024/10/07 14:14;0.19;0.41;119;83;8.196;229.0;0.62;143;3.08;1022
2024/10/07 14:14;0.19;0.41;119;83;8.196;229.0;0.62;143;3.08;1023
2024/10/07 14:14;0.19;0.41;119;83;8.196;229.0;0.62;143;3.08;1024
2024/10/07 14:14;0.23;0.41;125;84;8.197;228.9;0.65;149;3.45;1025
2024/10/07 14:14;0.23;0.41;125;84;8.197;228.9;0.65;149;3.45;1026
2024/10/07 14:14;0.23;0.41;125;84;8.197;228.9;0.65;149;3.45;1027
2024/10/07 14:14;0.23;0.41;125;84;8.197;228.9;0.65;149;3.45;1028
2024/10/07 14:14;0.23;0.41;125;84;8.197;228.9;0.65;149;3.45;1029
2024/10/07 14:14;0.20;0.39;116;82;8.197;228.8;0.61;141;3.00;1030
2024/10/07 14:14;0.20;0.39;116;82;8.197;228.8;0.61;141;3.00;1031
2024/10/07 14:14;0.20;0.39;116;82;8.197;228.8;0.61;141;3.00;1032
2024/10/07 14:14;0.20;0.39;116;82;8.197;228.8;0.61;141;3.00;1033
2024/10/07 14:14;0.20;0.39;116;82;8.197;228.8;0.61;141;3.00;1034
2024/10/07 14:14;0.20;0.39;117;82;8.197;228.7;0.62;142;3.22;1035
2024/10/07 14:14;0.20;0.39;117;82;8.197;228.7;0.62;142;3.22;1036
2024/10/07 14:14;0.20;0.39;117;82;8.197;228.7;0.62;142;3.22;1037
2024/10/07 14:14;0.20;0.39;117;82;8.197;228.7;0.62;142;3.22;1038
2024/10/07 14:14;0.20;0.39;117;82;8.197;228.7;0.62;142;3.22;1039
2024/10/07 14:14;0.21;0.41;121;84;8.197;228.7;0.63;144;3.11;1040
2024/10/07 14:14;0.21;0.41;121;84;8.197;228.7;0.63;144;3.11;1041
2024/10/07 14:14;0.21;0.41;121;84;8.197;228.7;0.63;144;3.11;1042
2024/10/07 14:14;0.21;0.41;121;84;8.197;228.7;0.63;144;3.11;1043
2024/10/07 14:14;0.21;0.41;121;84;8.197;228.7;0.63;144;3.11;1044
2024/10/07 14:14;0.20;0.41;117;82;8.197;228.9;0.62;142;3.52;1045
2024/10/07 14:14;0.20;0.41;117;82;8.197;228.9;0.62;142;3.52;1046
2024/10/07 14:14;0.20;0.41;117;82;8.197;228.9;0.62;142;3.52;1047
2024/10/07 14:14;0.20;0.41;117;82;8.197;228.9;0.62;142;3.52;1048
2024/10/07 14:14;0.20;0.41;117;82;8.197;228.9;0.62;142;3.52;1049
2024/10/07 14:14;0.20;0.38;109;80;8.197;228.8;0.59;136;3.34;1050
2024/10/07 14:14;0.20;0.38;109;80;8.197;228.8;0.59;136;3.34;1051
2024/10/07 14:14;0.20;0.38;109;80;8.197;228.8;0.59;136;3.34;1052
2024/10/07 14:14;0.20;0.38;109;80;8.197;228.8;0.59;136;3.34;1053
2024/10/07 14:14;0.20;0.38;109;80;8.197;228.8;0.59;136;3.34;1054
2024/10/07 14:14;0.20;0.38;109;80;8.197;228.8;0.59;136;3.34;1055
2024/10/07 14:14;0.20;0.38;109;80;8.197;228.8;0.59;136;3.34;1056
2024/10/07 14:14;0.20;0.38;109;80;8.197;228.8;0.59;136;3.34;1057
2024/10/07 14:14;0.20;0.38;109;80;8.197;228.8;0.59;136;3.34;1058
2024/10/07 14:14;0.20;0.38;109;80;8.197;228.8;0.59;136;3.34;1059
2024/10/07 14:15;0.32;0.41;132;85;8.198;228.6;0.68;155;3.29;1060
2024/10/07 14:15;0.32;0.41;132;85;8.198;228.6;0.68;155;3.29;1061
2024/10/07 14:15;0.32;0.41;132;85;8.198;228.6;0.68;155;3.29;1062
2024/10/07 14:15;0.32;0.41;132;85;8.198;228.6;0.68;155;3.29;1063
2024/10/07 14:15;0.32;0.41;132;85;8.198;228.6;0.68;155;3.29;1064
2024/10/07 14:15;0.20;0.43;122;82;8.198;228.6;0.64;148;3.45;1065
2024/10/07 14:15;0.20;0.43;122;82;8.198;228.6;0.64;148;3.45;1066
2024/10/07 14:15;0.20;0.43;122;82;8.198;228.6;0.64;148;3.45;1067
2024/10/07 14:15;0.20;0.43;122;82;8.198;228.6;0.64;148;3.45;1068
2024/10/07 14:15;0.20;0.43;122;82;8.198;228.6;0.64;148;3.45;1069
2024/10/07 14:15;0.20;0.42;121;82;8.198;228.5;0.64;147;3.56;1070
2024/10/07 14:15;0.20;0.42;121;82;8.198;228.5;0.64;147;3.56;1071
2024/10/07 14:15;0.20;0.42;121;82;8.198;228.5;0.64;147;3.56;1072
2024/10/07 14:15;0.20;0.42;121;82;8.198;228.5;0.64;147;3.56;1073
2024/10/07 14:15;0.20;0.42;121;82;8.198;228.5;0.64;147;3.56;1074
2024/10/07 14:15;0.21;0.41;123;84;8.198;228.6;0.64;146;3.45;1075
2024/10/07 14:15;0.21;0.41;123;84;8.198;228.6;0.64;146;3.45;1076
2024/10/07 14:15;0.21;0.41;123;84;8.198;228.6;0.64;146;3.45;1077
2024/10/07 14:15;0.21;0.41;123;84;8.198;228.6;0.64;146;3.45;1078
2024/10/07 14:15;0.21;0.41;123;84;8.198;228.6;0.64;146;3.45;1079
2024/10/07 14:15;0.20;0.40;116;82;8.198;228.6;0.62;141;3.19;1080
2024/10/07 14:15;0.20;0.40;116;82;8.198;228.6;0.62;141;3.19;1081
2024/10/07 14:15;0.20;0.40;116;82;8.198;228.6;0.62;141;3.19;1082
2024/10/07 14:15;0.20;0.40;116;82;8.198;228.6;0.62;141;3.19;1083
2024/10/07 14:15;0.20;0.40;116;82;8.198;228.6;0.62;141;3.19;1084
2024/10/07 14:15;0.20;0.38;107;80;8.199;228.5;0.58;133;3.42;1085
2024/10/07 14:15;0.20;0.38;107;80;8.199;228.5;0.58;133;3.42;1086
2024/10/07 14:15;0.20;0.38;107;80;8.199;228.5;0.58;133;3.42;1087
2024/10/07 14:15;0.20;0.38;107;80;8.199;228.5;0.58;133;3.42;1088
2024/10/07 14:15;0.20;0.38;107;80;8.199;228.5;0.58;133;3.42;1089
2024/10/07 14:15;0.20;0.31;88;75;8.199;228.5;0.52;118;3.72;1090
2024/10/07 14:15;0.20;0.31;88;75;8.199;228.5;0.52;118;3.72;1091
2024/10/07 14:15;0.20;0.31;88;75;8.199;228.5;0.52;118;3.72;1092
2024/10/07 14:15;0.20;0.31;88;75;8.199;228.5;0.52;118;3.72;1093
2024/10/07 14:15;0.20;0.31;88;75;8.199;228.5;0.52;118;3.72;1094
2024/10/07 14:15;0.21;0.32;86;72;8.199;228.4;0.52;119;3.40;1095
2024/10/07 14:15;0.21;0.32;86;72;8.199;228.4;0.52;119;3.40;1096
2024/10/07 14:15;0.21;0.32;86;72;8.199;228.4;0.52;119;3.40;1097
2024/10/07 14:15;0.21;0.32;86;72;8.199;228.4;0.52;119;3.40;1098
2024/10/07 14:15;0.21;0.32;86;72;8.199;228.4;0.52;119;3.40;1099
2024/10/07 14:15;0.20;0.27;81;73;8.199;228.3;0.49;111;3.53;1100
2024/10/07 14:15;0.20;0.27;81;73;8.199;228.3;0.49;111;3.53;1101
2024/10/07 14:15;0.20;0.27;81;73;8.199;228.3;0.49;111;3.53;1102
2024/10/07 14:15;0.20;0.27;81;73;8.199;228.3;0.49;111;3.53;1103
2024/10/07 14:15;0.20;0.27;81;73;8.199;228.3;0.49;111;3.53;1104
2024/10/07 14:15;0.19;0.26;79;72;8.199;228.5;0.47;109;3.51;1105
2024/10/07 14:15;0.19;0.26;79;72;8.199;228.5;0.47;109;3.51;1106
2024/10/07 14:15;0.19;0.26;79;72;8.199;228.5;0.47;109;3.51;1107
2024/10/07 14:15;0.19;0.26;79;72;8.199;228.5;0.47;109;3.51;1108
2024/10/07 14:15;0.19;0.26;79;72;8.199;228.5;0.47;109;3.51;1109
2024/10/07 14:15;0.20;0.27;81;74;8.199;228.3;0.48;110;3.35;1110
2024/10/07 14:15;0.20;0.27;81;74;8.199;228.3;0.48;110;3.35;1111
2024/10/07 14:15;0.20;0.27;81;74;8.199;228.3;0.48;110;3.35;1112
2024/10/07 14:15;0.20;0.27;81;74;8.199;228.3;0.48;110;3.35;1113
2024/10/07 14:15;0.20;0.27;81;74;8.199;228.3;0.48;110;3.35;1114
2024/10/07 14:15;0.20;0.27;82;73;8.199;228.5;0.49;112;3.79;1115
2024/10/07 14:15;0.20;0.27;82;73;8.199;228.5;0.49;112;3.79;1116
2024/10/07 14:15;0.20;0.27;82;73;8.199;228.5;0.49;112;3.79;1117
2024/10/07 14:15;0.20;0.27;82;73;8.199;228.5;0.49;112;3.79;1118
2024/10/07 14:15;0.20;0.27;82;73;8.199;228.5;0.49;112;3.79;1119
2024/10/07 14:16;0.20;0.27;83;74;8.199;228.5;0.49;112;3.39;1120
2024/10/07 14:16;0.20;0.27;83;74;8.199;228.5;0.49;112;3.39;1121
2024/10/07 14:16;0.20;0.27;83;74;8.199;228.5;0.49;112;3.39;1122
2024/10/07 14:16;0.20;0.27;83;74;8.199;228.5;0.49;112;3.39;1123
2024/10/07 14:16;0.20;0.27;83;74;8.199;228.5;0.49;112;3.39;1124
2024/10/07 14:16;0.20;0.39;112;81;8.199;228.3;0.61;139;3.68;1125
2024/10/07 14:16;0.20;0.39;112;81;8.199;228.3;0.61;139;3.68;1126
2024/10/07 14:16;0.20;0.39;112;81;8.199;228.3;0.61;139;3.68;1127
2024/10/07 14:16;0.20;0.39;112;81;8.199;228.3;0.61;139;3.68;1128
2024/10/07 14:16;0.20;0.39;112;81;8.199;228.3;0.61;139;3.68;1129
2024/10/07 14:16;0.20;0.33;95;75;8.200;228.4;0.55;127;3.67;1130
2024/10/07 14:16;0.20;0.33;95;75;8.200;228.4;0.55;127;3.67;1131
2024/10/07 14:16;0.20;0.33;95;75;8.200;228.4;0.55;127;3.67;1132
2024/10/07 14:16;0.20;0.33;95;75;8.200;228.4;0.55;127;3.67;1133
2024/10/07 14:16;0.20;0.33;95;75;8.200;228.4;0.55;127;3.67;1134
2024/10/07 14:16;0.26;0.32;106;80;8.200;228.2;0.58;133;3.33;1135
2024/10/07 14:16;0.26;0.32;106;80;8.200;228.2;0.58;133;3.33;1136
2024/10/07 14:16;0.26;0.32;106;80;8.200;228.2;0.58;133;3.33;1137
2024/10/07 14:16;0.26;0.32;106;80;8.200;228.2;0.58;133;3.33;1138
2024/10/07 14:16;0.26;0.32;106;80;8.200;228.2;0.58;133;3.33;1139
2024/10/07 14:16;0.28;0.29;107;80;8.200;228.2;0.58;133;3.28;1140
2024/10/07 14:16;0.28;0.29;107;80;8.200;228.2;0.58;133;3.28;1141
2024/10/07 14:16;0.28;0.29;107;80;8.200;228.2;0.58;133;3.28;1142
2024/10/07 14:16;0.28;0.29;107;80;8.200;228.2;0.58;133;3.28;1143
2024/10/07 14:16;0.20;0.34;98;78;8.200;228.4;0.55;126;3.43;1144
2024/10/07 14:16;0.20;0.34;98;78;8.200;228.4;0.55;126;3.43;1145
2024/10/07 14:16;0.20;0.34;98;78;8.200;228.4;0.55;126;3.43;1146
2024/10/07 14:16;0.20;0.34;98;78;8.200;228.4;0.55;126;3.43;1147
2024/10/07 14:16;0.20;0.34;98;78;8.200;228.4;0.55;126;3.43;1148
2024/10/07 14:16;0.20;0.34;98;78;8.200;228.4;0.55;126;3.43;1149
2024/10/07 14:16;0.20;0.34;98;78;8.200;228.4;0.55;126;3.43;1150
2024/10/07 14:16;0.20;0.34;98;78;8.200;228.4;0.55;126;3.43;1151
2024/10/07 14:16;0.20;0.34;98;78;8.200;228.4;0.55;126;3.43;1152
2024/10/07 14:16;0.20;0.34;98;78;8.200;228.4;0.55;126;3.43;1153
2024/10/07 14:16;0.20;0.29;85;73;8.200;228.6;0.51;116;3.50;1154
2024/10/07 14:16;0.20;0.29;85;73;8.200;228.6;0.51;116;3.50;1155
2024/10/07 14:16;0.20;0.29;85;73;8.200;228.6;0.51;116;3.50;1156
2024/10/07 14:16;0.20;0.29;85;73;8.200;228.6;0.51;116;3.50;1157
2024/10/07 14:16;0.20;0.29;85;73;8.200;228.6;0.51;116;3.50;1158
2024/10/07 14:16;0.20;0.34;99;79;8.200;228.4;0.55;126;3.30;1159
2024/10/07 14:16;0.20;0.34;99;79;8.200;228.4;0.55;126;3.30;1160
2024/10/07 14:16;0.20;0.34;99;79;8.200;228.4;0.55;126;3.30;1161
2024/10/07 14:16;0.20;0.34;99;79;8.200;228.4;0.55;126;3.30;1162
2024/10/07 14:16;0.20;0.34;99;79;8.200;228.4;0.55;126;3.30;1163
2024/10/07 14:16;0.25;0.34;111;80;8.201;228.4;0.61;138;3.53;1164
2024/10/07 14:16;0.25;0.34;111;80;8.201;228.4;0.61;138;3.53;1165
2024/10/07 14:16;0.25;0.34;111;80;8.201;228.4;0.61;138;3.53;1166
2024/10/07 14:16;0.25;0.34;111;80;8.201;228.4;0.61;138;3.53;1167
2024/10/07 14:16;0.25;0.34;111;80;8.201;228.4;0.61;138;3.53;1168
2024/10/07 14:16;0.20;0.35;101;78;8.201;228.4;0.56;129;3.29;1169
2024/10/07 14:16;0.20;0.35;101;78;8.201;228.4;0.56;129;3.29;1170
2024/10/07 14:16;0.20;0.35;101;78;8.201;228.4;0.56;129;3.29;1171
2024/10/07 14:16;0.20;0.35;101;78;8.201;228.4;0.56;129;3.29;1172
2024/10/07 14:16;0.20;0.35;101;78;8.201;228.4;0.56;129;3.29;1173
2024/10/07 14:16;0.25;0.36;114;81;8.201;228.5;0.62;141;3.47;1174
2024/10/07 14:16;0.25;0.36;114;81;8.201;228.5;0.62;141;3.47;1175
2024/10/07 14:16;0.25;0.36;114;81;8.201;228.5;0.62;141;3.47;1176
2024/10/07 14:16;0.25;0.36;114;81;8.201;228.5;0.62;141;3.47;1177
2024/10/07 14:16;0.25;0.36;114;81;8.201;228.5;0.62;141;3.47;1178
2024/10/07 14:17;0.24;0.41;119;83;8.201;228.5;0.63;144;3.16;1179
2024/10/07 14:17;0.24;0.41;119;83;8.201;228.5;0.63;144;3.16;1180
2024/10/07 14:17;0.24;0.41;119;83;8.201;228.5;0.63;144;3.16;1181
2024/10/07 14:17;0.24;0.41;119;83;8.201;228.5;0.63;144;3.16;1182
2024/10/07 14:17;0.24;0.41;119;83;8.201;228.5;0.63;144;3.16;1183
2024/10/07 14:17;0.22;0.33;99;78;8.201;228.6;0.56;127;3.55;1184
2024/10/07 14:17;0.22;0.33;99;78;8.201;228.6;0.56;127;3.55;1185
2024/10/07 14:17;0.22;0.33;99;78;8.201;228.6;0.56;127;3.55;1186
2024/10/07 14:17;0.22;0.33;99;78;8.201;228.6;0.56;127;3.55;1187
2024/10/07 14:17;0.22;0.33;99;78;8.201;228.6;0.56;127;3.55;1188
2024/10/07 14:17;0.21;0.29;86;74;8.201;228.6;0.51;117;3.35;1189
2024/10/07 14:17;0.21;0.29;86;74;8.201;228.6;0.51;117;3.35;1190
2024/10/07 14:17;0.21;0.29;86;74;8.201;228.6;0.51;117;3.35;1191
2024/10/07 14:17;0.21;0.29;86;74;8.201;228.6;0.51;117;3.35;1192
2024/10/07 14:17;0.21;0.29;86;74;8.201;228.6;0.51;117;3.35;1193
2024/10/07 14:17;0.21;0.32;93;74;8.201;228.6;0.55;125;3.52;1194
2024/10/07 14:17;0.21;0.32;93;74;8.201;228.6;0.55;125;3.52;1195
2024/10/07 14:17;0.21;0.32;93;74;8.201;228.6;0.55;125;3.52;1196
2024/10/07 14:17;0.21;0.32;93;74;8.201;228.6;0.55;125;3.52;1197
2024/10/07 14:17;0.21;0.32;93;74;8.201;228.6;0.55;125;3.52;1198
2024/10/07 14:17;0.21;0.30;89;75;8.202;228.8;0.52;119;3.75;1199
2024/10/07 14:17;0.21;0.30;89;75;8.202;228.8;0.52;119;3.75;1200
2024/10/07 14:17;0.21;0.30;89;75;8.202;228.8;0.52;119;3.75;1201
2024/10/07 14:17;0.21;0.30;89;75;8.202;228.8;0.52;119;3.75;1202
2024/10/07 14:17;0.21;0.30;89;75;8.202;228.8;0.52;119;3.75;1203
2024/10/07 14:17;0.20;0.27;83;74;8.202;228.8;0.49;112;3.27;1204
2024/10/07 14:17;0.20;0.27;83;74;8.202;228.8;0.49;112;3.27;1205
2024/10/07 14:17;0.20;0.27;83;74;8.202;228.8;0.49;112;3.27;1206
2024/10/07 14:17;0.20;0.27;83;74;8.202;228.8;0.49;112;3.27;1207
2024/10/07 14:17;0.20;0.27;83;74;8.202;228.8;0.49;112;3.27;1208
2024/10/07 14:17;0.20;0.26;82;73;8.202;228.8;0.49;113;3.91;1209
2024/10/07 14:17;0.20;0.26;82;73;8.202;228.8;0.49;113;3.91;1210
2024/10/07 14:17;0.20;0.26;82;73;8.202;228.8;0.49;113;3.91;1211
2024/10/07 14:17;0.20;0.26;82;73;8.202;228.8;0.49;113;3.91;1212
2024/10/07 14:17;0.20;0.26;82;73;8.202;228.8;0.49;113;3.91;1213
2024/10/07 14:17;0.20;0.26;79;72;8.202;229.0;0.48;110;3.36;1214
2024/10/07 14:17;0.20;0.26;79;72;8.202;229.0;0.48;110;3.36;1215
2024/10/07 14:17;0.20;0.26;79;72;8.202;229.0;0.48;110;3.36;1216
2024/10/07 14:17;0.20;0.26;79;72;8.202;229.0;0.48;110;3.36;1217
2024/10/07 14:17;0.20;0.26;79;72;8.202;229.0;0.48;110;3.36;1218
2024/10/07 14:17;0.20;0.26;80;73;8.202;229.0;0.48;110;3.28;1219
2024/10/07 14:17;0.20;0.26;80;73;8.202;229.0;0.48;110;3.28;1220
2024/10/07 14:17;0.20;0.26;80;73;8.202;229.0;0.48;110;3.28;1221
2024/10/07 14:17;0.20;0.26;80;73;8.202;229.0;0.48;110;3.28;1222
2024/10/07 14:17;0.20;0.26;80;73;8.202;229.0;0.48;110;3.28;1223
